target_file,mos_pred,noi_pred,dis_pred,col_pred,loud_pred,model
audio/com10_normal_3g-goodloss0_04-10-2025_081513/speaker_251004_081536.wav,4.7073965,4.386807,4.5627627,4.3498864,4.439153,NISQAv2
audio/com10_normal_3g-goodloss12_04-10-2025_080759/speaker_251004_080821.wav,4.335393,4.271591,4.0120583,4.198388,4.34829,NISQAv2
audio/com10_normal_3g-goodloss15_04-10-2025_080605/speaker_251004_080631.wav,3.4085472,4.233493,2.9423213,3.6102138,4.041028,NISQAv2
audio/com10_normal_3g-goodloss18_04-10-2025_080307/speaker_251004_080331.wav,2.6503122,4.0419645,2.4351187,3.0773785,3.620136,NISQAv2
audio/com10_normal_3g-goodloss21_04-10-2025_080116/speaker_251004_080139.wav,3.604541,4.1035337,3.244033,3.4332554,3.841361,NISQAv2
audio/com10_normal_3g-goodloss23_04-10-2025_075934/speaker_251004_075954.wav,2.8454535,4.019954,2.6487978,3.0180385,3.5997689,NISQAv2
audio/com10_normal_3g-goodloss25_04-10-2025_075747/speaker_251004_075809.wav,3.3030188,4.029045,3.0180986,3.0144675,3.6720102,NISQAv2
audio/com10_normal_3g-goodloss27_04-10-2025_075558/speaker_251004_075626.wav,2.3687446,3.8707414,2.2422378,2.6199453,3.343471,NISQAv2
audio/com10_normal_3g-goodloss30_04-10-2025_075406/speaker_251004_075432.wav,2.1018682,3.702938,2.3275497,2.1352105,3.227691,NISQAv2
audio/com10_normal_3g-goodloss33_04-10-2025_075210/speaker_251004_075234.wav,2.2158973,3.7749853,2.1504157,2.2159698,3.2202601,NISQAv2
audio/com10_normal_3g-goodloss35_04-10-2025_075021/speaker_251004_075043.wav,2.116913,3.6811306,2.402072,2.2524793,3.115439,NISQAv2
audio/com10_normal_3g-goodloss37_04-10-2025_074831/speaker_251004_074852.wav,1.826299,3.606531,2.2774465,1.953116,3.1041017,NISQAv2
audio/com10_normal_3g-goodloss3_04-10-2025_081325/speaker_251004_081349.wav,4.782454,4.5073853,4.8380356,4.3924026,4.5423794,NISQAv2
audio/com10_normal_3g-goodloss40_04-10-2025_074635/speaker_251004_074707.wav,2.144467,3.5418332,2.5351396,1.9666197,3.1175675,NISQAv2
audio/com10_normal_3g-goodloss6_04-10-2025_081139/speaker_251004_081202.wav,4.5709414,4.3887944,4.315703,4.358347,4.5185695,NISQAv2
audio/com10_normal_3g-goodloss9_04-10-2025_080946/speaker_251004_081009.wav,4.481287,4.317427,4.279721,4.24009,4.4211836,NISQAv2
audio/com10_normal_4g-goodloss0_04-10-2025_084427/speaker_251004_084452.wav,4.624029,4.3921847,4.474181,4.4226084,4.5215964,NISQAv2
audio/com10_normal_4g-goodloss12_04-10-2025_083659/speaker_251004_083737.wav,4.3505545,4.2711296,3.9550588,3.962613,4.2267714,NISQAv2
audio/com10_normal_4g-goodloss15_04-10-2025_083508/speaker_251004_083530.wav,3.8639703,4.1948676,3.31205,3.4561327,3.9708169,NISQAv2
audio/com10_normal_4g-goodloss18_04-10-2025_083316/speaker_251004_083345.wav,4.0767817,4.243237,3.7173064,3.769597,4.1497364,NISQAv2
audio/com10_normal_4g-goodloss21_04-10-2025_083129/speaker_251004_083152.wav,3.984709,4.2144513,3.9406042,3.5723403,4.0068784,NISQAv2
audio/com10_normal_4g-goodloss23_04-10-2025_082940/speaker_251004_083005.wav,2.8752012,4.0200095,2.8487895,3.1387522,3.6575935,NISQAv2
audio/com10_normal_4g-goodloss25_04-10-2025_082752/speaker_251004_082816.wav,3.372207,4.062472,2.9958892,3.3224978,3.8127334,NISQAv2
audio/com10_normal_4g-goodloss27_04-10-2025_082605/speaker_251004_082627.wav,2.6916914,3.933394,2.379666,2.7065055,3.424449,NISQAv2
audio/com10_normal_4g-goodloss30_04-10-2025_082418/speaker_251004_082439.wav,2.8519676,3.950763,2.539293,2.607765,3.4746847,NISQAv2
audio/com10_normal_4g-goodloss33_04-10-2025_082223/speaker_251004_082254.wav,2.5048919,3.8838768,2.2723517,2.694132,3.3699353,NISQAv2
audio/com10_normal_4g-goodloss35_04-10-2025_082037/speaker_251004_082059.wav,2.383735,3.9269764,2.4411838,2.4161391,3.241893,NISQAv2
audio/com10_normal_4g-goodloss37_04-10-2025_081850/speaker_251004_081913.wav,1.8424953,3.5816822,1.9879105,1.9420998,2.9717486,NISQAv2
audio/com10_normal_4g-goodloss3_04-10-2025_084237/speaker_251004_084300.wav,4.834883,4.5158987,4.8687325,4.4461246,4.5613756,NISQAv2
audio/com10_normal_4g-goodloss40_04-10-2025_081703/speaker_251004_081726.wav,1.5229926,3.3379881,1.9228034,1.764108,2.7188773,NISQAv2
audio/com10_normal_4g-goodloss6_04-10-2025_084049/speaker_251004_084112.wav,4.7816496,4.5035396,4.805412,4.4041386,4.5338354,NISQAv2
audio/com10_normal_4g-goodloss9_04-10-2025_083900/speaker_251004_083926.wav,4.3843145,4.253553,4.0674157,4.2301016,4.4094486,NISQAv2
audio/com10_plc_3g-goodloss0_04-10-2025_081419/speaker_251004_081443.wav,4.776108,4.4344563,4.7579618,4.3968463,4.511904,NISQAv2
audio/com10_plc_3g-goodloss12_04-10-2025_080702/speaker_251004_080728.wav,4.6919675,4.416429,4.757056,4.3146935,4.4792085,NISQAv2
audio/com10_plc_3g-goodloss15_04-10-2025_080517/speaker_251004_080535.wav,4.388782,4.3027844,4.124052,4.2036967,4.3681536,NISQAv2
audio/com10_plc_3g-goodloss18_04-10-2025_080209/speaker_251004_080237.wav,4.362781,4.2617607,4.564144,3.9612958,4.215161,NISQAv2
audio/com10_plc_3g-goodloss21_04-10-2025_080024/speaker_251004_080046.wav,3.5156615,4.068809,3.1701622,3.6598964,4.0019617,NISQAv2
audio/com10_plc_3g-goodloss23_04-10-2025_075840/speaker_251004_075903.wav,2.9892273,3.983867,2.603655,3.1176574,3.6070247,NISQAv2
audio/com10_plc_3g-goodloss25_04-10-2025_075656/speaker_251004_075716.wav,3.1809342,4.044966,2.7676268,3.2250347,3.7725594,NISQAv2
audio/com10_plc_3g-goodloss27_04-10-2025_075502/speaker_251004_075528.wav,3.394698,4.0294595,3.1969194,3.3238602,3.8093975,NISQAv2
audio/com10_plc_3g-goodloss30_04-10-2025_075304/speaker_251004_075336.wav,2.720569,3.8724935,2.4264438,2.844915,3.5011299,NISQAv2
audio/com10_plc_3g-goodloss33_04-10-2025_075113/speaker_251004_075140.wav,2.8505528,3.914264,2.4998765,2.9328647,3.582986,NISQAv2
audio/com10_plc_3g-goodloss35_04-10-2025_074922/speaker_251004_074951.wav,2.6851509,3.887622,2.622464,2.3027625,3.2480447,NISQAv2
audio/com10_plc_3g-goodloss37_04-10-2025_074737/speaker_251004_074800.wav,2.7060425,3.8917525,2.3248117,2.6561542,3.450957,NISQAv2
audio/com10_plc_3g-goodloss3_04-10-2025_081232/speaker_251004_081255.wav,4.779297,4.4416585,4.815458,4.423997,4.4998574,NISQAv2
audio/com10_plc_3g-goodloss40_04-10-2025_074541/speaker_251004_074605.wav,2.2146826,3.740294,2.151018,2.1233425,3.1023085,NISQAv2
audio/com10_plc_3g-goodloss6_04-10-2025_081040/speaker_251004_081109.wav,4.7960925,4.4990993,4.8437386,4.429295,4.5592294,NISQAv2
audio/com10_plc_3g-goodloss9_04-10-2025_080852/speaker_251004_080915.wav,4.5776196,4.349285,4.4712367,4.1706123,4.3697133,NISQAv2
audio/com10_plc_4g-goodloss0_04-10-2025_084330/speaker_251004_084357.wav,4.625615,4.3819575,4.324594,4.4338837,4.548344,NISQAv2
audio/com10_plc_4g-goodloss12_04-10-2025_083600/speaker_251004_083629.wav,4.227325,4.301088,3.6510627,4.216233,4.386827,NISQAv2
audio/com10_plc_4g-goodloss15_04-10-2025_083415/speaker_251004_083437.wav,3.7427182,4.218863,3.1557655,3.7865987,4.101922,NISQAv2
audio/com10_plc_4g-goodloss18_04-10-2025_083222/speaker_251004_083246.wav,4.210574,4.248826,4.006484,3.879125,4.170035,NISQAv2
audio/com10_plc_4g-goodloss21_04-10-2025_083035/speaker_251004_083059.wav,4.345349,4.2931046,4.598406,3.9243996,4.153563,NISQAv2
audio/com10_plc_4g-goodloss23_04-10-2025_082847/speaker_251004_082909.wav,2.942052,3.9683685,2.5775585,3.1098793,3.6177647,NISQAv2
audio/com10_plc_4g-goodloss25_04-10-2025_082658/speaker_251004_082722.wav,3.193927,4.025549,2.7628543,2.6946676,3.5116093,NISQAv2
audio/com10_plc_4g-goodloss27_04-10-2025_082509/speaker_251004_082534.wav,3.3526282,4.0761876,3.303488,3.2757385,3.7329447,NISQAv2
audio/com10_plc_4g-goodloss30_04-10-2025_082325/speaker_251004_082347.wav,2.971776,3.9958243,2.5156357,2.8108556,3.4700546,NISQAv2
audio/com10_plc_4g-goodloss33_04-10-2025_082130/speaker_251004_082153.wav,2.3662071,3.8582237,2.2545433,2.3541768,3.2230659,NISQAv2
audio/com10_plc_4g-goodloss35_04-10-2025_081943/speaker_251004_082007.wav,2.4091532,3.7495863,2.21167,2.2712362,3.2521741,NISQAv2
audio/com10_plc_4g-goodloss37_04-10-2025_081756/speaker_251004_081820.wav,2.4423335,3.787565,2.214172,2.2796986,3.2801604,NISQAv2
audio/com10_plc_4g-goodloss3_04-10-2025_084142/speaker_251004_084206.wav,4.8437557,4.4966245,4.8251686,4.430924,4.5416484,NISQAv2
audio/com10_plc_4g-goodloss40_04-10-2025_081606/speaker_251004_081633.wav,1.824825,3.5761445,1.9615743,2.0343843,3.115503,NISQAv2
audio/com10_plc_4g-goodloss6_04-10-2025_083956/speaker_251004_084019.wav,4.770526,4.407491,4.691853,4.364636,4.4825883,NISQAv2
audio/com10_plc_4g-goodloss9_04-10-2025_083808/speaker_251004_083830.wav,4.298052,4.263523,3.9460852,4.3645644,4.480921,NISQAv2
audio/com2_normal_3g-goodloss0_04-10-2025_000041/speaker_251004_000108.wav,4.5042243,4.3347898,4.569213,4.1083946,4.3224506,NISQAv2
audio/com2_normal_3g-goodloss12_03-10-2025_235045/speaker_251003_235105.wav,3.1500707,3.9192555,3.5505424,2.7609682,3.5623784,NISQAv2
audio/com2_normal_3g-goodloss15_03-10-2025_234903/speaker_251003_234923.wav,2.6714857,3.946508,2.7928774,2.6011531,3.4454205,NISQAv2
audio/com2_normal_3g-goodloss18_03-10-2025_234619/speaker_251003_234639.wav,2.1447427,3.39101,2.7226274,1.9556804,3.1707819,NISQAv2
audio/com2_normal_3g-goodloss21_03-10-2025_234333/speaker_251003_234353.wav,2.4591095,3.6780555,2.9642913,2.0908487,3.2715008,NISQAv2
audio/com2_normal_3g-goodloss23_03-10-2025_234153/speaker_251003_234211.wav,2.4390576,3.6828258,3.2531617,2.055274,3.3188226,NISQAv2
audio/com2_normal_3g-goodloss25_03-10-2025_234007/speaker_251003_234032.wav,2.091634,3.6274664,2.573748,2.0082526,3.1401894,NISQAv2
audio/com2_normal_3g-goodloss27_03-10-2025_233820/speaker_251003_233840.wav,2.097016,3.6050372,2.6809485,2.0043676,3.207102,NISQAv2
audio/com2_normal_3g-goodloss30_03-10-2025_233536/speaker_251003_233557.wav,1.9488553,3.500582,2.7542045,2.062953,3.2333796,NISQAv2
audio/com2_normal_3g-goodloss33_03-10-2025_233357/speaker_251003_233417.wav,1.779078,3.2938263,2.610008,1.7914209,3.0132153,NISQAv2
audio/com2_normal_3g-goodloss35_03-10-2025_233113/speaker_251003_233134.wav,1.8999687,3.5452032,2.7064126,2.0100117,3.2264326,NISQAv2
audio/com2_normal_3g-goodloss37_03-10-2025_232727/speaker_251003_232749.wav,1.3037432,2.98571,2.033856,1.650141,2.8437426,NISQAv2
audio/com2_normal_3g-goodloss3_03-10-2025_235859/speaker_251003_235921.wav,4.091823,4.241039,3.8182995,3.8078153,4.12534,NISQAv2
audio/com2_normal_3g-goodloss40_03-10-2025_232546/speaker_251003_232605.wav,1.4374765,3.1156628,2.0223193,1.7734332,2.9617276,NISQAv2
audio/com2_normal_3g-goodloss6_03-10-2025_235716/speaker_251003_235738.wav,3.6182144,4.0980744,3.9627864,3.1879263,3.69608,NISQAv2
audio/com2_normal_3g-goodloss9_03-10-2025_235434/speaker_251003_235453.wav,3.9789333,4.147576,4.2287617,3.5452187,3.9520552,NISQAv2
audio/com2_normal_4g-goodloss0_04-10-2025_003326/speaker_251004_003348.wav,4.044466,4.19403,3.5513947,4.0251713,4.2158523,NISQAv2
audio/com2_normal_4g-goodloss12_04-10-2025_002532/speaker_251004_002554.wav,3.4353642,4.0621147,3.6317337,3.0577028,3.6409993,NISQAv2
audio/com2_normal_4g-goodloss15_04-10-2025_002349/speaker_251004_002411.wav,2.9161985,3.9137201,3.3928683,2.477301,3.3492181,NISQAv2
audio/com2_normal_4g-goodloss18_04-10-2025_002205/speaker_251004_002227.wav,2.7418869,3.8086414,3.1706755,2.3811295,3.3295407,NISQAv2
audio/com2_normal_4g-goodloss21_04-10-2025_001920/speaker_251004_001941.wav,2.5789275,3.7462595,3.004092,2.2155128,3.2790143,NISQAv2
audio/com2_normal_4g-goodloss23_04-10-2025_001740/speaker_251004_001800.wav,2.3467476,3.6368723,2.8190727,2.1099315,3.225182,NISQAv2
audio/com2_normal_4g-goodloss25_04-10-2025_001452/speaker_251004_001513.wav,1.965587,3.5501163,2.5222533,1.958735,3.1275415,NISQAv2
audio/com2_normal_4g-goodloss27_04-10-2025_001309/speaker_251004_001330.wav,2.1052349,3.2849095,3.0134995,2.0541446,3.2802634,NISQAv2
audio/com2_normal_4g-goodloss30_04-10-2025_001024/speaker_251004_001044.wav,1.8622516,3.3207064,2.557548,1.8828354,3.04167,NISQAv2
audio/com2_normal_4g-goodloss33_04-10-2025_000843/speaker_251004_000903.wav,1.8720878,3.2990477,2.7310288,1.8885721,3.245571,NISQAv2
audio/com2_normal_4g-goodloss35_04-10-2025_000659/speaker_251004_000720.wav,1.6825644,3.2533824,2.6102836,1.7975438,3.1384375,NISQAv2
audio/com2_normal_4g-goodloss37_04-10-2025_000514/speaker_251004_000535.wav,1.7912487,3.4248066,2.5128288,1.8278196,3.098705,NISQAv2
audio/com2_normal_4g-goodloss3_04-10-2025_003144/speaker_251004_003205.wav,4.5007997,4.291773,4.6532373,4.0837636,4.3143926,NISQAv2
audio/com2_normal_4g-goodloss40_04-10-2025_000332/speaker_251004_000351.wav,1.5639096,3.4389665,2.0542655,1.7884076,3.0332568,NISQAv2
audio/com2_normal_4g-goodloss6_04-10-2025_002858/speaker_251004_002920.wav,3.1679432,4.111963,2.8798475,3.4069998,3.8665519,NISQAv2
audio/com2_normal_4g-goodloss9_04-10-2025_002715/speaker_251004_002735.wav,3.7229111,4.0971055,3.505284,3.5786881,3.889927,NISQAv2
audio/com2_plc_3g-goodloss0_03-10-2025_235952/speaker_251004_000011.wav,4.428651,4.312121,4.2385507,4.0830107,4.2922664,NISQAv2
audio/com2_plc_3g-goodloss12_03-10-2025_234953/speaker_251003_235014.wav,2.9988215,3.9694624,2.6851099,2.8793216,3.4125514,NISQAv2
audio/com2_plc_3g-goodloss15_03-10-2025_234710/speaker_251003_234730.wav,2.7204795,3.8006573,3.1299322,2.2741945,3.3620386,NISQAv2
audio/com2_plc_3g-goodloss18_03-10-2025_234527/speaker_251003_234549.wav,2.4974473,3.724119,2.981232,2.1090488,3.2382405,NISQAv2
audio/com2_plc_3g-goodloss21_03-10-2025_234242/speaker_251003_234303.wav,2.147259,3.655399,2.4711604,2.1024468,3.1690753,NISQAv2
audio/com2_plc_3g-goodloss23_03-10-2025_234102/speaker_251003_234123.wav,2.0480702,3.5712607,2.6022153,1.980467,3.2091458,NISQAv2
audio/com2_plc_3g-goodloss25_03-10-2025_233910/speaker_251003_233937.wav,1.8957642,3.5477386,2.1952286,1.9929456,3.116086,NISQAv2
audio/com2_plc_3g-goodloss27_03-10-2025_233627/speaker_251003_233649.wav,1.8305442,3.589196,2.3319042,2.0266144,3.1575441,NISQAv2
audio/com2_plc_3g-goodloss30_03-10-2025_233447/speaker_251003_233506.wav,2.098045,3.6152732,2.550409,1.9561911,3.0856364,NISQAv2
audio/com2_plc_3g-goodloss33_03-10-2025_233204/speaker_251003_233222.wav,1.384223,3.4665046,1.8001688,1.9394853,2.9943967,NISQAv2
audio/com2_plc_3g-goodloss35_03-10-2025_232819/speaker_251003_232840.wav,1.5246755,3.492196,1.8978863,1.8876843,3.0315216,NISQAv2
audio/com2_plc_3g-goodloss37_03-10-2025_232636/speaker_251003_232657.wav,1.2365868,3.4008129,1.6069965,1.7802005,2.9657848,NISQAv2
audio/com2_plc_3g-goodloss3_03-10-2025_235808/speaker_251003_235829.wav,3.902642,4.1431046,3.5927365,3.7843153,3.9817522,NISQAv2
audio/com2_plc_3g-goodloss40_03-10-2025_232454/speaker_251003_232515.wav,1.4085058,3.202012,2.0345886,1.8221455,3.033107,NISQAv2
audio/com2_plc_3g-goodloss6_03-10-2025_235524/speaker_251003_235543.wav,3.546615,4.0433073,3.2647598,3.470422,3.8311546,NISQAv2
audio/com2_plc_3g-goodloss9_03-10-2025_235342/speaker_251003_235404.wav,3.0078251,3.9258792,2.5864363,3.1866148,3.5273182,NISQAv2
audio/com2_plc_4g-goodloss0_04-10-2025_003235/speaker_251004_003255.wav,4.2266455,4.2321196,3.8515217,4.1476636,4.3427453,NISQAv2
audio/com2_plc_4g-goodloss12_04-10-2025_002441/speaker_251004_002502.wav,3.4320235,4.039602,3.227453,3.2102478,3.7456214,NISQAv2
audio/com2_plc_4g-goodloss15_04-10-2025_002257/speaker_251004_002319.wav,2.3858845,3.7377884,2.710149,2.2255096,3.3024127,NISQAv2
audio/com2_plc_4g-goodloss18_04-10-2025_002116/speaker_251004_002135.wav,2.3764017,3.667923,2.5812619,2.2660234,3.2980886,NISQAv2
audio/com2_plc_4g-goodloss21_04-10-2025_001831/speaker_251004_001850.wav,2.3311613,3.6598704,2.7328246,2.210315,3.2635732,NISQAv2
audio/com2_plc_4g-goodloss23_04-10-2025_001543/speaker_251004_001608.wav,2.2914546,3.641094,2.8259633,2.2081258,3.2874575,NISQAv2
audio/com2_plc_4g-goodloss25_04-10-2025_001400/speaker_251004_001422.wav,2.0194619,3.6056588,2.505373,1.9933125,3.1538112,NISQAv2
audio/com2_plc_4g-goodloss27_04-10-2025_001115/speaker_251004_001136.wav,2.0085168,3.6332574,2.506098,2.01569,3.160196,NISQAv2
audio/com2_plc_4g-goodloss30_04-10-2025_000934/speaker_251004_000953.wav,1.8630642,3.552183,2.5218427,2.043346,3.1757534,NISQAv2
audio/com2_plc_4g-goodloss33_04-10-2025_000750/speaker_251004_000813.wav,1.9775697,3.5470197,2.537886,2.033543,3.2346778,NISQAv2
audio/com2_plc_4g-goodloss35_04-10-2025_000605/speaker_251004_000629.wav,1.8387221,3.5106373,2.5645416,2.0491962,3.2997649,NISQAv2
audio/com2_plc_4g-goodloss37_04-10-2025_000422/speaker_251004_000443.wav,1.4245795,3.4116147,2.0351717,1.6911603,3.0897841,NISQAv2
audio/com2_plc_4g-goodloss3_04-10-2025_003053/speaker_251004_003114.wav,3.7209709,4.118614,3.3976877,3.769905,4.0533314,NISQAv2
audio/com2_plc_4g-goodloss40_04-10-2025_000139/speaker_251004_000158.wav,1.6927849,3.362881,2.2891734,1.9891,3.1810644,NISQAv2
audio/com2_plc_4g-goodloss6_04-10-2025_002806/speaker_251004_002828.wav,3.6880066,4.1738477,3.2814677,3.5735912,3.9453063,NISQAv2
audio/com2_plc_4g-goodloss9_04-10-2025_002624/speaker_251004_002645.wav,3.5699437,4.047003,3.4115694,3.414277,3.8329258,NISQAv2
audio/com3_normal_3g-goodloss0_04-10-2025_010618/speaker_251004_010640.wav,4.3808765,4.281251,4.5523124,4.009746,4.237942,NISQAv2
audio/com3_normal_3g-goodloss12_04-10-2025_005819/speaker_251004_005840.wav,3.1753132,3.9652665,3.3734932,2.678475,3.4883473,NISQAv2
audio/com3_normal_3g-goodloss15_04-10-2025_005535/speaker_251004_005600.wav,2.7608263,3.929973,2.8317668,2.5659158,3.3458207,NISQAv2
audio/com3_normal_3g-goodloss18_04-10-2025_005347/speaker_251004_005413.wav,2.5064356,3.715473,3.1985042,2.204483,3.3879864,NISQAv2
audio/com3_normal_3g-goodloss21_04-10-2025_005203/speaker_251004_005224.wav,2.508912,3.7168913,3.0802817,2.2340546,3.3508673,NISQAv2
audio/com3_normal_3g-goodloss23_04-10-2025_005019/speaker_251004_005040.wav,2.2682366,3.637415,2.9901938,1.9942566,3.1874073,NISQAv2
audio/com3_normal_3g-goodloss25_04-10-2025_004836/speaker_251004_004856.wav,2.1945922,3.4945395,3.0606103,2.170645,3.283031,NISQAv2
audio/com3_normal_3g-goodloss27_04-10-2025_004547/speaker_251004_004609.wav,2.3234198,3.605957,2.8497303,2.1169162,3.3462696,NISQAv2
audio/com3_normal_3g-goodloss30_04-10-2025_004405/speaker_251004_004426.wav,1.9443891,3.4635983,2.7543962,1.9025367,3.1440513,NISQAv2
audio/com3_normal_3g-goodloss33_04-10-2025_004018/speaker_251004_004039.wav,1.8795174,3.4304411,2.7743714,1.8381076,3.0857885,NISQAv2
audio/com3_normal_3g-goodloss35_04-10-2025_003834/speaker_251004_003855.wav,1.4153869,3.1443882,2.1017084,1.6640592,2.9156733,NISQAv2
audio/com3_normal_3g-goodloss37_04-10-2025_003651/speaker_251004_003713.wav,1.5856824,3.5359588,2.0087712,1.8241725,2.8833644,NISQAv2
audio/com3_normal_3g-goodloss3_04-10-2025_010432/speaker_251004_010456.wav,3.2550201,4.150804,3.0032387,3.6053655,3.9715753,NISQAv2
audio/com3_normal_3g-goodloss40_04-10-2025_003509/speaker_251004_003533.wav,1.55233,3.2827399,2.2897098,1.7439711,3.0446794,NISQAv2
audio/com3_normal_3g-goodloss6_04-10-2025_010247/speaker_251004_010309.wav,4.1370654,4.2110424,4.4064302,3.7247732,4.0601797,NISQAv2
audio/com3_normal_3g-goodloss9_04-10-2025_010103/speaker_251004_010125.wav,3.3645895,4.0444446,3.0206897,3.2744946,3.753631,NISQAv2
audio/com3_normal_4g-goodloss0_04-10-2025_014438/speaker_251004_014500.wav,4.33644,4.280582,3.9294312,4.2221575,4.376433,NISQAv2
audio/com3_normal_4g-goodloss12_04-10-2025_013439/speaker_251004_013501.wav,3.8419993,4.112861,4.2678623,3.3221805,3.8408127,NISQAv2
audio/com3_normal_4g-goodloss15_04-10-2025_013153/speaker_251004_013215.wav,2.6518908,3.8616943,2.8178527,2.3909438,3.293278,NISQAv2
audio/com3_normal_4g-goodloss18_04-10-2025_013012/speaker_251004_013034.wav,2.5867915,3.7605488,3.2090328,2.172357,3.2391365,NISQAv2
audio/com3_normal_4g-goodloss21_04-10-2025_012822/speaker_251004_012847.wav,2.2897685,3.5984185,2.9700708,1.9914,3.1644285,NISQAv2
audio/com3_normal_4g-goodloss23_04-10-2025_012424/speaker_251004_012446.wav,2.542027,3.6933546,3.4502916,2.1764407,3.3344722,NISQAv2
audio/com3_normal_4g-goodloss25_04-10-2025_012034/speaker_251004_012055.wav,2.135949,3.5607226,3.0301392,2.1103044,3.3832746,NISQAv2
audio/com3_normal_4g-goodloss27_04-10-2025_011641/speaker_251004_011703.wav,2.5348916,3.5819576,3.4433312,2.3728652,3.5122387,NISQAv2
audio/com3_normal_4g-goodloss30_04-10-2025_011458/speaker_251004_011519.wav,2.0595284,3.3022373,3.0505714,1.8199978,3.085423,NISQAv2
audio/com3_normal_4g-goodloss33_04-10-2025_011315/speaker_251004_011335.wav,2.1012402,3.527871,2.830199,2.1493034,3.3428328,NISQAv2
audio/com3_normal_4g-goodloss35_04-10-2025_011131/speaker_251004_011152.wav,1.3825411,3.3080466,1.9256754,1.7498761,2.9328797,NISQAv2
audio/com3_normal_4g-goodloss37_04-10-2025_010944/speaker_251004_011009.wav,1.4630914,3.5117126,1.9257066,1.7398609,2.8983002,NISQAv2
audio/com3_normal_4g-goodloss3_04-10-2025_014253/speaker_251004_014313.wav,4.398717,4.30539,4.607381,3.9964023,4.224874,NISQAv2
audio/com3_normal_4g-goodloss40_04-10-2025_010800/speaker_251004_010821.wav,1.583905,3.4428277,2.1672895,1.7159969,2.8768399,NISQAv2
audio/com3_normal_4g-goodloss6_04-10-2025_014008/speaker_251004_014029.wav,4.2681537,4.261458,4.486406,3.8055549,4.1411624,NISQAv2
audio/com3_normal_4g-goodloss9_04-10-2025_013726/speaker_251004_013746.wav,3.7290225,4.129499,3.3269556,3.7041013,3.9942253,NISQAv2
audio/com3_plc_3g-goodloss0_04-10-2025_010526/speaker_251004_010548.wav,4.0259647,4.2306705,3.8175576,4.002255,4.1894064,NISQAv2
audio/com3_plc_3g-goodloss12_04-10-2025_005729/speaker_251004_005749.wav,2.7766955,3.849011,2.4777653,2.7360528,3.3120842,NISQAv2
audio/com3_plc_3g-goodloss15_04-10-2025_005444/speaker_251004_005505.wav,2.771178,3.8147385,2.9178054,2.4034574,3.3896775,NISQAv2
audio/com3_plc_3g-goodloss18_04-10-2025_005255/speaker_251004_005317.wav,2.383329,3.680039,2.903793,2.1402578,3.2908065,NISQAv2
audio/com3_plc_3g-goodloss21_04-10-2025_005110/speaker_251004_005133.wav,2.302932,3.6600199,2.6335332,2.158257,3.2447364,NISQAv2
audio/com3_plc_3g-goodloss23_04-10-2025_004926/speaker_251004_004949.wav,2.2069013,3.6443467,2.5642955,2.2525403,3.187354,NISQAv2
audio/com3_plc_3g-goodloss25_04-10-2025_004639/speaker_251004_004703.wav,2.2965033,3.5939422,2.7197835,2.0353155,3.1474767,NISQAv2
audio/com3_plc_3g-goodloss27_04-10-2025_004456/speaker_251004_004517.wav,2.3654017,3.6295269,3.1040065,2.05382,3.2243533,NISQAv2
audio/com3_plc_3g-goodloss30_04-10-2025_004313/speaker_251004_004335.wav,1.8344913,3.5599382,2.420987,2.1752288,3.1754596,NISQAv2
audio/com3_plc_3g-goodloss33_04-10-2025_003925/speaker_251004_003947.wav,1.8399334,3.532757,2.2471325,2.1887865,3.0995874,NISQAv2
audio/com3_plc_3g-goodloss35_04-10-2025_003743/speaker_251004_003803.wav,1.3176751,3.4032905,1.6186106,1.8161727,2.8794,NISQAv2
audio/com3_plc_3g-goodloss37_04-10-2025_003603/speaker_251004_003621.wav,1.4982537,3.4628975,2.0490932,1.8354375,3.094628,NISQAv2
audio/com3_plc_3g-goodloss3_04-10-2025_010340/speaker_251004_010401.wav,4.0172434,4.169367,3.8558476,3.9205735,4.0933337,NISQAv2
audio/com3_plc_3g-goodloss40_04-10-2025_003418/speaker_251004_003439.wav,1.3526837,3.4752777,1.6413679,1.8082955,3.0038507,NISQAv2
audio/com3_plc_3g-goodloss6_04-10-2025_010155/speaker_251004_010216.wav,3.3033447,4.0476975,2.7609823,3.6590357,4.017663,NISQAv2
audio/com3_plc_3g-goodloss9_04-10-2025_010013/speaker_251004_010033.wav,3.0999665,3.9539473,3.2231085,2.7010016,3.4857466,NISQAv2
audio/com3_plc_4g-goodloss0_04-10-2025_014343/speaker_251004_014408.wav,4.341013,4.322514,3.991484,4.247525,4.423423,NISQAv2
audio/com3_plc_4g-goodloss12_04-10-2025_013348/speaker_251004_013409.wav,3.4955633,4.0888963,3.2619593,3.491058,3.842995,NISQAv2
audio/com3_plc_4g-goodloss15_04-10-2025_013104/speaker_251004_013123.wav,2.4756138,3.7537243,2.919698,2.2260907,3.3092797,NISQAv2
audio/com3_plc_4g-goodloss18_04-10-2025_012917/speaker_251004_012941.wav,2.53151,3.7438204,3.0007432,2.1698632,3.285745,NISQAv2
audio/com3_plc_4g-goodloss21_04-10-2025_012627/speaker_251004_012649.wav,2.3276584,3.639127,2.8825276,2.2282941,3.3043783,NISQAv2
audio/com3_plc_4g-goodloss23_04-10-2025_012125/speaker_251004_012149.wav,2.3176694,3.636624,3.05875,2.0238442,3.236593,NISQAv2
audio/com3_plc_4g-goodloss25_04-10-2025_011733/speaker_251004_011754.wav,2.191769,3.5974052,2.607052,2.0460799,3.148103,NISQAv2
audio/com3_plc_4g-goodloss27_04-10-2025_011549/speaker_251004_011611.wav,2.2417817,3.6529768,2.8519914,2.1101248,3.2398303,NISQAv2
audio/com3_plc_4g-goodloss30_04-10-2025_011406/speaker_251004_011428.wav,2.033027,3.6134856,2.5002117,2.069152,3.1819217,NISQAv2
audio/com3_plc_4g-goodloss33_04-10-2025_011222/speaker_251004_011244.wav,1.7440339,3.4902515,2.0442045,1.9086449,3.036872,NISQAv2
audio/com3_plc_4g-goodloss35_04-10-2025_011039/speaker_251004_011101.wav,1.8230871,3.5719013,2.2539403,1.9601822,3.0108256,NISQAv2
audio/com3_plc_4g-goodloss37_04-10-2025_010851/speaker_251004_010913.wav,1.7127479,3.5345333,2.2684305,1.8191059,2.9483013,NISQAv2
audio/com3_plc_4g-goodloss3_04-10-2025_014059/speaker_251004_014120.wav,4.0314302,4.214803,3.581445,3.8484242,4.1083465,NISQAv2
audio/com3_plc_4g-goodloss40_04-10-2025_010710/speaker_251004_010730.wav,1.7154737,3.4302185,2.3663137,1.9024417,3.1127899,NISQAv2
audio/com3_plc_4g-goodloss6_04-10-2025_013918/speaker_251004_013938.wav,4.4254346,4.274544,4.63034,3.9879858,4.217728,NISQAv2
audio/com3_plc_4g-goodloss9_04-10-2025_013634/speaker_251004_013656.wav,3.7194035,4.0853763,3.7050803,3.365213,3.8540597,NISQAv2
audio/com4_normal_3g-goodloss0_04-10-2025_021325/speaker_251004_021355.wav,4.432992,4.3046484,4.2120795,4.3000197,4.443052,NISQAv2
audio/com4_normal_3g-goodloss12_04-10-2025_020622/speaker_251004_020648.wav,3.0411286,3.923854,2.934199,2.6146643,3.5201619,NISQAv2
audio/com4_normal_3g-goodloss15_04-10-2025_020439/speaker_251004_020501.wav,3.2242522,3.9940908,3.1463082,2.9625025,3.59305,NISQAv2
audio/com4_normal_3g-goodloss18_04-10-2025_020256/speaker_251004_020315.wav,2.25468,3.74119,2.51248,2.1090527,3.1318405,NISQAv2
audio/com4_normal_3g-goodloss21_04-10-2025_020114/speaker_251004_020135.wav,2.576864,3.7643206,2.889943,2.2392173,3.310887,NISQAv2
audio/com4_normal_3g-goodloss23_04-10-2025_015927/speaker_251004_015951.wav,2.3562188,3.71721,2.7027128,2.1262348,3.324721,NISQAv2
audio/com4_normal_3g-goodloss25_04-10-2025_015746/speaker_251004_015806.wav,2.4748485,3.7518137,2.692731,2.1659372,3.2375638,NISQAv2
audio/com4_normal_3g-goodloss27_04-10-2025_015600/speaker_251004_015623.wav,2.2733889,3.6849544,2.4048975,2.1206892,3.2825685,NISQAv2
audio/com4_normal_3g-goodloss30_04-10-2025_015417/speaker_251004_015439.wav,1.5958132,3.378544,2.421129,1.7064903,2.9180005,NISQAv2
audio/com4_normal_3g-goodloss33_04-10-2025_015133/speaker_251004_015155.wav,1.912352,3.4517853,2.5351908,1.8657689,3.076477,NISQAv2
audio/com4_normal_3g-goodloss35_04-10-2025_014947/speaker_251004_015010.wav,1.5722352,3.4333475,2.098851,1.8032854,2.9071443,NISQAv2
audio/com4_normal_3g-goodloss37_04-10-2025_014805/speaker_251004_014826.wav,1.446286,3.348637,1.8746257,1.7226195,2.9126823,NISQAv2
audio/com4_normal_3g-goodloss3_04-10-2025_021140/speaker_251004_021203.wav,4.4639273,4.3634763,4.399385,4.0769353,4.326762,NISQAv2
audio/com4_normal_3g-goodloss40_04-10-2025_014624/speaker_251004_014644.wav,1.7289088,3.314356,2.5176756,1.9392475,3.048301,NISQAv2
audio/com4_normal_3g-goodloss6_04-10-2025_020957/speaker_251004_021018.wav,3.9876764,4.2426248,3.5866804,3.9577758,4.202562,NISQAv2
audio/com4_normal_3g-goodloss9_04-10-2025_020815/speaker_251004_020835.wav,3.7834857,4.166376,3.667108,3.607674,3.9314985,NISQAv2
audio/com4_normal_4g-goodloss0_04-10-2025_024802/speaker_251004_024824.wav,4.5404344,4.3461494,4.3722453,4.3402076,4.469544,NISQAv2
audio/com4_normal_4g-goodloss12_04-10-2025_023857/speaker_251004_023918.wav,3.9628193,4.227538,3.6576767,3.8434978,4.1718903,NISQAv2
audio/com4_normal_4g-goodloss15_04-10-2025_023711/speaker_251004_023734.wav,3.4717023,4.0452695,3.9540389,2.9112275,3.6704028,NISQAv2
audio/com4_normal_4g-goodloss18_04-10-2025_023425/speaker_251004_023447.wav,3.1564953,3.9824796,3.374449,2.689678,3.4281094,NISQAv2
audio/com4_normal_4g-goodloss21_04-10-2025_023240/speaker_251004_023302.wav,2.6656315,3.8404815,2.8631265,2.3750994,3.3181312,NISQAv2
audio/com4_normal_4g-goodloss23_04-10-2025_022951/speaker_251004_023013.wav,2.3572247,3.6991124,2.9321864,2.085225,3.3088615,NISQAv2
audio/com4_normal_4g-goodloss25_04-10-2025_022804/speaker_251004_022828.wav,2.169556,3.6152833,2.6818783,1.9968812,3.149776,NISQAv2
audio/com4_normal_4g-goodloss27_04-10-2025_022621/speaker_251004_022641.wav,2.2664442,3.6508734,2.6543777,2.1186569,3.19463,NISQAv2
audio/com4_normal_4g-goodloss30_04-10-2025_022328/speaker_251004_022353.wav,2.13994,3.5033033,3.0763588,1.8440543,3.1015413,NISQAv2
audio/com4_normal_4g-goodloss33_04-10-2025_022140/speaker_251004_022205.wav,2.1741607,3.5453281,2.7814996,1.8411593,3.1282628,NISQAv2
audio/com4_normal_4g-goodloss35_04-10-2025_021951/speaker_251004_022017.wav,2.0118384,3.5824797,2.485389,1.933891,3.052574,NISQAv2
audio/com4_normal_4g-goodloss37_04-10-2025_021808/speaker_251004_021832.wav,1.7070345,3.4593809,2.2566497,1.8441801,3.0106316,NISQAv2
audio/com4_normal_4g-goodloss3_04-10-2025_024517/speaker_251004_024538.wav,4.6908083,4.4203134,4.767619,4.246104,4.422194,NISQAv2
audio/com4_normal_4g-goodloss40_04-10-2025_021518/speaker_251004_021540.wav,1.3489772,3.2238677,1.9798267,1.6730286,2.8173254,NISQAv2
audio/com4_normal_4g-goodloss6_04-10-2025_024336/speaker_251004_024356.wav,4.333299,4.3064857,4.3149743,3.9332857,4.2257447,NISQAv2
audio/com4_normal_4g-goodloss9_04-10-2025_024042/speaker_251004_024104.wav,4.240965,4.2934213,4.148945,4.0304866,4.2603354,NISQAv2
audio/com4_plc_3g-goodloss0_04-10-2025_021234/speaker_251004_021255.wav,4.31333,4.221379,4.183598,4.0619187,4.2528005,NISQAv2
audio/com4_plc_3g-goodloss12_04-10-2025_020531/speaker_251004_020551.wav,2.9310539,3.917124,2.6748114,2.9261296,3.4790876,NISQAv2
audio/com4_plc_3g-goodloss15_04-10-2025_020346/speaker_251004_020409.wav,3.06806,3.9364629,2.9542665,2.5646942,3.497978,NISQAv2
audio/com4_plc_3g-goodloss18_04-10-2025_020205/speaker_251004_020226.wav,2.7271283,3.8980558,2.9301565,2.452451,3.2869332,NISQAv2
audio/com4_plc_3g-goodloss21_04-10-2025_020021/speaker_251004_020044.wav,2.1829145,3.670306,2.3236306,2.047711,3.1702762,NISQAv2
audio/com4_plc_3g-goodloss23_04-10-2025_015837/speaker_251004_015857.wav,2.6464565,3.7958398,2.823764,2.313834,3.3415556,NISQAv2
audio/com4_plc_3g-goodloss25_04-10-2025_015653/speaker_251004_015716.wav,2.1840847,3.6635282,2.329641,2.1172688,3.2043521,NISQAv2
audio/com4_plc_3g-goodloss27_04-10-2025_015510/speaker_251004_015530.wav,2.2331018,3.7080119,2.3751647,2.1680543,3.1464624,NISQAv2
audio/com4_plc_3g-goodloss30_04-10-2025_015328/speaker_251004_015347.wav,2.0514069,3.577979,2.414873,1.8801697,3.1298652,NISQAv2
audio/com4_plc_3g-goodloss33_04-10-2025_015041/speaker_251004_015102.wav,1.9645995,3.6135004,2.3967917,1.8564373,3.047684,NISQAv2
audio/com4_plc_3g-goodloss35_04-10-2025_014857/speaker_251004_014917.wav,2.0295427,3.5675924,2.381306,1.9379846,3.1350958,NISQAv2
audio/com4_plc_3g-goodloss37_04-10-2025_014714/speaker_251004_014735.wav,1.200118,3.268593,1.4792774,1.7446873,2.7608979,NISQAv2
audio/com4_plc_3g-goodloss3_04-10-2025_021049/speaker_251004_021110.wav,4.5761557,4.3458176,4.682541,4.152075,4.313464,NISQAv2
audio/com4_plc_3g-goodloss40_04-10-2025_014530/speaker_251004_014554.wav,1.2898031,3.3981674,1.5597801,1.7731633,2.8669417,NISQAv2
audio/com4_plc_3g-goodloss6_04-10-2025_020906/speaker_251004_020927.wav,4.065376,4.1973243,3.755174,3.990187,4.202766,NISQAv2
audio/com4_plc_3g-goodloss9_04-10-2025_020719/speaker_251004_020745.wav,3.4763398,4.056637,3.200352,3.3883257,3.8133757,NISQAv2
audio/com4_plc_4g-goodloss0_04-10-2025_024710/speaker_251004_024732.wav,4.4832845,4.351537,4.2271547,4.3078403,4.4639354,NISQAv2
audio/com4_plc_4g-goodloss12_04-10-2025_023805/speaker_251004_023826.wav,3.9504654,4.1498327,3.8425953,3.6607115,4.022649,NISQAv2
audio/com4_plc_4g-goodloss15_04-10-2025_023621/speaker_251004_023641.wav,2.9851258,3.9548302,3.1880586,2.656204,3.4729393,NISQAv2
audio/com4_plc_4g-goodloss18_04-10-2025_023332/speaker_251004_023355.wav,2.8501415,3.8935452,2.6516347,2.5881958,3.4390733,NISQAv2
audio/com4_plc_4g-goodloss21_04-10-2025_023147/speaker_251004_023209.wav,2.4794056,3.729706,2.7089665,2.268236,3.2722538,NISQAv2
audio/com4_plc_4g-goodloss23_04-10-2025_022858/speaker_251004_022921.wav,2.712587,3.8157675,2.9603732,2.215398,3.3298035,NISQAv2
audio/com4_plc_4g-goodloss25_04-10-2025_022711/speaker_251004_022734.wav,2.4481502,3.74107,2.7104528,2.0699754,3.2638721,NISQAv2
audio/com4_plc_4g-goodloss27_04-10-2025_022423/speaker_251004_022446.wav,2.4074972,3.6881282,2.808953,2.0067115,3.2546022,NISQAv2
audio/com4_plc_4g-goodloss30_04-10-2025_022236/speaker_251004_022258.wav,2.1785595,3.698282,2.893273,1.9346399,3.1144388,NISQAv2
audio/com4_plc_4g-goodloss33_04-10-2025_022048/speaker_251004_022110.wav,1.9441841,3.5748703,2.671335,1.874923,3.1201487,NISQAv2
audio/com4_plc_4g-goodloss35_04-10-2025_021903/speaker_251004_021921.wav,1.7962663,3.5554917,2.3963912,1.7401879,3.0294447,NISQAv2
audio/com4_plc_4g-goodloss37_04-10-2025_021610/speaker_251004_021633.wav,1.5288271,3.4942703,1.8524053,1.9239905,2.963941,NISQAv2
audio/com4_plc_4g-goodloss3_04-10-2025_024426/speaker_251004_024447.wav,4.535989,4.3589616,4.629423,4.1167636,4.3064184,NISQAv2
audio/com4_plc_4g-goodloss40_04-10-2025_021425/speaker_251004_021448.wav,1.3840042,3.4009438,1.6748893,1.7948866,2.899807,NISQAv2
audio/com4_plc_4g-goodloss6_04-10-2025_024134/speaker_251004_024154.wav,3.88751,4.2156377,3.3915944,4.05506,4.2675667,NISQAv2
audio/com4_plc_4g-goodloss9_04-10-2025_023949/speaker_251004_024012.wav,4.12599,4.232942,3.9560323,3.939439,4.1527677,NISQAv2
audio/com5_normal_3g-goodloss0_04-10-2025_031942/speaker_251004_032006.wav,4.231837,4.2743726,3.922629,4.2276664,4.381411,NISQAv2
audio/com5_normal_3g-goodloss12_04-10-2025_031225/speaker_251004_031250.wav,3.7910035,4.152965,3.60998,3.38147,3.8318255,NISQAv2
audio/com5_normal_3g-goodloss15_04-10-2025_031040/speaker_251004_031102.wav,2.9777277,3.953121,2.8555024,2.6736765,3.5293715,NISQAv2
audio/com5_normal_3g-goodloss18_04-10-2025_030856/speaker_251004_030917.wav,3.3966901,4.075142,3.480562,3.0239942,3.6667278,NISQAv2
audio/com5_normal_3g-goodloss21_04-10-2025_030709/speaker_251004_030732.wav,2.0878785,3.5823772,2.57888,1.9634376,3.0279481,NISQAv2
audio/com5_normal_3g-goodloss23_04-10-2025_030517/speaker_251004_030542.wav,2.5478065,3.7925663,2.9105427,2.173206,3.2213776,NISQAv2
audio/com5_normal_3g-goodloss25_04-10-2025_030229/speaker_251004_030252.wav,2.428407,3.7848697,2.7523623,2.0529494,3.1800325,NISQAv2
audio/com5_normal_3g-goodloss27_04-10-2025_030044/speaker_251004_030106.wav,2.3056805,3.742998,2.5821035,2.0775564,3.2156894,NISQAv2
audio/com5_normal_3g-goodloss30_04-10-2025_025856/speaker_251004_025921.wav,1.9921786,3.4697917,2.4579265,1.9001398,3.0467577,NISQAv2
audio/com5_normal_3g-goodloss33_04-10-2025_025708/speaker_251004_025732.wav,2.246258,3.6334445,2.8595564,1.9859183,3.194716,NISQAv2
audio/com5_normal_3g-goodloss35_04-10-2025_025421/speaker_251004_025445.wav,1.8078046,3.3211522,2.5069387,1.7756934,2.9683897,NISQAv2
audio/com5_normal_3g-goodloss37_04-10-2025_025237/speaker_251004_025300.wav,1.4047147,3.3128912,1.7925227,1.6342356,2.8776953,NISQAv2
audio/com5_normal_3g-goodloss3_04-10-2025_031754/speaker_251004_031817.wav,4.292731,4.312329,4.157707,3.889372,4.2249856,NISQAv2
audio/com5_normal_3g-goodloss40_04-10-2025_025050/speaker_251004_025116.wav,1.778139,3.52838,2.33576,1.8942118,2.9886596,NISQAv2
audio/com5_normal_3g-goodloss6_04-10-2025_031605/speaker_251004_031631.wav,3.429585,4.182244,2.910558,3.4489555,3.8408678,NISQAv2
audio/com5_normal_3g-goodloss9_04-10-2025_031420/speaker_251004_031441.wav,3.8710058,4.1874137,3.5711012,3.8697042,4.115868,NISQAv2
audio/com5_normal_4g-goodloss0_04-10-2025_035015/speaker_251004_035037.wav,4.7773128,4.406897,4.793321,4.3657746,4.4981384,NISQAv2
audio/com5_normal_4g-goodloss12_04-10-2025_034313/speaker_251004_034334.wav,3.611694,4.138034,3.313773,3.5519006,3.9599955,NISQAv2
audio/com5_normal_4g-goodloss15_04-10-2025_034125/speaker_251004_034149.wav,2.765521,3.8539891,3.0170357,2.7074115,3.4173982,NISQAv2
audio/com5_normal_4g-goodloss18_04-10-2025_033937/speaker_251004_034002.wav,3.0596588,3.928112,3.5011728,2.4879138,3.4576023,NISQAv2
audio/com5_normal_4g-goodloss21_04-10-2025_033751/speaker_251004_033815.wav,2.7005994,3.8011806,3.2336218,2.1398761,3.281145,NISQAv2
audio/com5_normal_4g-goodloss23_04-10-2025_033607/speaker_251004_033628.wav,2.1921954,3.485381,2.5433044,2.0820246,3.1110168,NISQAv2
audio/com5_normal_4g-goodloss25_04-10-2025_033315/speaker_251004_033337.wav,2.4977543,3.7066386,3.2373128,2.0658555,3.2032616,NISQAv2
audio/com5_normal_4g-goodloss27_04-10-2025_033128/speaker_251004_033152.wav,2.2308934,3.605099,2.6486936,2.0611188,3.20787,NISQAv2
audio/com5_normal_4g-goodloss30_04-10-2025_032941/speaker_251004_033004.wav,1.8752869,3.4289553,2.5132225,1.8202043,3.0341413,NISQAv2
audio/com5_normal_4g-goodloss33_04-10-2025_032754/speaker_251004_032818.wav,1.9983627,3.5491488,2.8209465,1.8909298,3.0799847,NISQAv2
audio/com5_normal_4g-goodloss35_04-10-2025_032502/speaker_251004_032528.wav,1.9155289,3.563412,2.3549192,2.014774,3.036474,NISQAv2
audio/com5_normal_4g-goodloss37_04-10-2025_032317/speaker_251004_032339.wav,1.589342,3.295038,2.097883,1.6815581,2.989731,NISQAv2
audio/com5_normal_4g-goodloss3_04-10-2025_034831/speaker_251004_034853.wav,4.437598,4.3115764,4.2462516,4.232922,4.4015455,NISQAv2
audio/com5_normal_4g-goodloss40_04-10-2025_032130/speaker_251004_032152.wav,2.0662563,3.5827456,2.897038,2.003524,3.1965683,NISQAv2
audio/com5_normal_4g-goodloss6_04-10-2025_034643/speaker_251004_034706.wav,4.5864553,4.3838778,4.7192316,4.147014,4.3598723,NISQAv2
audio/com5_normal_4g-goodloss9_04-10-2025_034457/speaker_251004_034520.wav,4.5233254,4.354492,4.679805,4.086665,4.317693,NISQAv2
audio/com5_plc_3g-goodloss0_04-10-2025_031847/speaker_251004_031912.wav,4.631692,4.3567605,4.57621,4.2671247,4.4339514,NISQAv2
audio/com5_plc_3g-goodloss12_04-10-2025_031132/speaker_251004_031155.wav,3.4863725,4.069471,3.2589333,3.3990061,3.8683927,NISQAv2
audio/com5_plc_3g-goodloss15_04-10-2025_030948/speaker_251004_031010.wav,3.40908,4.044364,3.2758296,3.167394,3.7115035,NISQAv2
audio/com5_plc_3g-goodloss18_04-10-2025_030802/speaker_251004_030825.wav,2.7920823,3.8956165,2.9545262,2.5000627,3.4151719,NISQAv2
audio/com5_plc_3g-goodloss21_04-10-2025_030612/speaker_251004_030639.wav,2.9075015,3.872058,3.2091336,2.287553,3.4077003,NISQAv2
audio/com5_plc_3g-goodloss23_04-10-2025_030426/speaker_251004_030447.wav,2.6631649,3.8177898,3.035664,2.3115275,3.3494103,NISQAv2
audio/com5_plc_3g-goodloss25_04-10-2025_030137/speaker_251004_030159.wav,2.7030914,3.813067,3.040068,2.3342054,3.334417,NISQAv2
audio/com5_plc_3g-goodloss27_04-10-2025_025951/speaker_251004_030013.wav,2.2907581,3.6878655,2.6521823,2.0699413,3.1855521,NISQAv2
audio/com5_plc_3g-goodloss30_04-10-2025_025802/speaker_251004_025825.wav,2.2215595,3.6580675,2.7215073,1.8728124,3.0496619,NISQAv2
audio/com5_plc_3g-goodloss33_04-10-2025_025617/speaker_251004_025638.wav,2.0044131,3.6395497,2.4216197,1.8951938,3.018289,NISQAv2
audio/com5_plc_3g-goodloss35_04-10-2025_025330/speaker_251004_025351.wav,1.7990314,3.5429401,2.0221834,1.8340187,2.985099,NISQAv2
audio/com5_plc_3g-goodloss37_04-10-2025_025146/speaker_251004_025207.wav,1.9480199,3.5555274,2.288615,1.83377,3.027202,NISQAv2
audio/com5_plc_3g-goodloss3_04-10-2025_031702/speaker_251004_031724.wav,4.3236165,4.3140593,4.0535774,4.1140876,4.297353,NISQAv2
audio/com5_plc_3g-goodloss40_04-10-2025_024854/speaker_251004_024917.wav,1.8870972,3.5937726,2.1954823,1.9636828,3.019124,NISQAv2
audio/com5_plc_3g-goodloss6_04-10-2025_031511/speaker_251004_031534.wav,4.02592,4.1774287,3.8134072,3.9428775,4.1278424,NISQAv2
audio/com5_plc_3g-goodloss9_04-10-2025_031320/speaker_251004_031349.wav,4.1712008,4.263863,3.9415758,3.822639,4.1072507,NISQAv2
audio/com5_plc_4g-goodloss0_04-10-2025_034924/speaker_251004_034945.wav,4.3311543,4.3509707,4.046741,4.2384276,4.4043984,NISQAv2
audio/com5_plc_4g-goodloss12_04-10-2025_034219/speaker_251004_034242.wav,4.4749928,4.359443,4.4719086,4.0531344,4.2752595,NISQAv2
audio/com5_plc_4g-goodloss15_04-10-2025_034032/speaker_251004_034055.wav,3.7588818,4.09205,3.6295798,3.4655406,3.8368466,NISQAv2
audio/com5_plc_4g-goodloss18_04-10-2025_033845/speaker_251004_033907.wav,3.0902326,3.948002,3.24634,2.728288,3.4940212,NISQAv2
audio/com5_plc_4g-goodloss21_04-10-2025_033658/speaker_251004_033721.wav,3.041862,3.9275134,3.313873,2.6079547,3.4376075,NISQAv2
audio/com5_plc_4g-goodloss23_04-10-2025_033407/speaker_251004_033431.wav,2.5844948,3.7464736,3.0948818,2.1879268,3.3421004,NISQAv2
audio/com5_plc_4g-goodloss25_04-10-2025_033223/speaker_251004_033244.wav,2.6095676,3.776302,3.218569,2.1768608,3.3297868,NISQAv2
audio/com5_plc_4g-goodloss27_04-10-2025_033034/speaker_251004_033057.wav,2.326166,3.6937537,2.6591017,2.0966916,3.2504566,NISQAv2
audio/com5_plc_4g-goodloss30_04-10-2025_032848/speaker_251004_032910.wav,2.4589097,3.6543171,3.2145398,2.2037332,3.2453077,NISQAv2
audio/com5_plc_4g-goodloss33_04-10-2025_032701/speaker_251004_032724.wav,1.8672384,3.503658,2.3165178,2.0583231,3.1653702,NISQAv2
audio/com5_plc_4g-goodloss35_04-10-2025_032409/speaker_251004_032432.wav,2.1397493,3.6375282,2.607003,2.013466,3.0674999,NISQAv2
audio/com5_plc_4g-goodloss37_04-10-2025_032222/speaker_251004_032247.wav,1.7824434,3.557626,2.1552088,1.987209,3.0491605,NISQAv2
audio/com5_plc_4g-goodloss3_04-10-2025_034736/speaker_251004_034801.wav,4.477195,4.355574,4.290488,4.2728066,4.4158554,NISQAv2
audio/com5_plc_4g-goodloss40_04-10-2025_032036/speaker_251004_032100.wav,2.2222888,3.6917596,2.7371495,2.004361,3.2764604,NISQAv2
audio/com5_plc_4g-goodloss6_04-10-2025_034550/speaker_251004_034612.wav,3.7614114,4.107339,3.4445632,3.6982098,4.0094676,NISQAv2
audio/com5_plc_4g-goodloss9_04-10-2025_034405/speaker_251004_034427.wav,4.0471544,4.22734,3.8560092,3.8657982,4.1656194,NISQAv2
audio/com6_normal_3g-goodloss0_04-10-2025_042006/speaker_251004_042030.wav,4.529976,4.3148694,4.165454,4.356582,4.490623,NISQAv2
audio/com6_normal_3g-goodloss12_04-10-2025_041244/speaker_251004_041307.wav,3.5190918,4.1685767,3.1109378,3.8665679,4.1219816,NISQAv2
audio/com6_normal_3g-goodloss15_04-10-2025_041100/speaker_251004_041123.wav,3.3266943,4.0855165,3.0133607,3.1624014,3.6537116,NISQAv2
audio/com6_normal_3g-goodloss18_04-10-2025_040914/speaker_251004_040935.wav,2.499512,3.762562,2.5647824,2.5872126,3.2539184,NISQAv2
audio/com6_normal_3g-goodloss21_04-10-2025_040730/speaker_251004_040749.wav,3.7506979,4.082853,4.1414924,3.3334486,3.7043412,NISQAv2
audio/com6_normal_3g-goodloss23_04-10-2025_040545/speaker_251004_040608.wav,2.4191146,3.814625,2.5513084,2.2169,3.1950853,NISQAv2
audio/com6_normal_3g-goodloss25_04-10-2025_040402/speaker_251004_040424.wav,2.578583,3.8649344,2.574717,2.4979222,3.2838852,NISQAv2
audio/com6_normal_3g-goodloss27_04-10-2025_040214/speaker_251004_040237.wav,2.492317,3.8307254,2.5598197,2.1224875,3.179461,NISQAv2
audio/com6_normal_3g-goodloss30_04-10-2025_040016/speaker_251004_040041.wav,2.0001526,3.6884027,2.2084572,2.1711078,2.9697978,NISQAv2
audio/com6_normal_3g-goodloss33_04-10-2025_035832/speaker_251004_035855.wav,1.509877,3.4521418,1.9240358,1.744784,2.8557162,NISQAv2
audio/com6_normal_3g-goodloss35_04-10-2025_035633/speaker_251004_035658.wav,1.7254804,3.2970452,2.3752248,1.8912959,2.8535588,NISQAv2
audio/com6_normal_3g-goodloss37_04-10-2025_035448/speaker_251004_035509.wav,1.9013853,3.6330664,2.2448199,1.8503401,2.7934697,NISQAv2
audio/com6_normal_3g-goodloss3_04-10-2025_041816/speaker_251004_041839.wav,4.6069174,4.388067,4.64955,4.1885858,4.403478,NISQAv2
audio/com6_normal_3g-goodloss40_04-10-2025_035159/speaker_251004_035221.wav,1.5375801,3.3282564,2.2017689,1.7669009,2.8360524,NISQAv2
audio/com6_normal_3g-goodloss6_04-10-2025_041623/speaker_251004_041651.wav,4.079713,4.240332,3.7144206,4.067986,4.274055,NISQAv2
audio/com6_normal_3g-goodloss9_04-10-2025_041432/speaker_251004_041458.wav,4.052882,4.206575,3.7056482,3.9529216,4.2144437,NISQAv2
audio/com6_normal_4g-goodloss0_04-10-2025_044854/speaker_251004_044919.wav,4.7798862,4.485831,4.833286,4.3933897,4.53919,NISQAv2
audio/com6_normal_4g-goodloss12_04-10-2025_044145/speaker_251004_044209.wav,3.976485,4.188438,3.7546444,3.7620888,4.0439515,NISQAv2
audio/com6_normal_4g-goodloss15_04-10-2025_044001/speaker_251004_044023.wav,3.1901793,4.083446,2.9468086,3.0745707,3.642144,NISQAv2
audio/com6_normal_4g-goodloss18_04-10-2025_043815/speaker_251004_043838.wav,3.5206904,4.0652933,3.595054,3.031461,3.6710384,NISQAv2
audio/com6_normal_4g-goodloss21_04-10-2025_043624/speaker_251004_043647.wav,3.2504237,4.0095496,3.1841264,2.8859441,3.4920864,NISQAv2
audio/com6_normal_4g-goodloss23_04-10-2025_043424/speaker_251004_043455.wav,2.5839612,3.8338304,2.6315224,2.318988,3.213702,NISQAv2
audio/com6_normal_4g-goodloss25_04-10-2025_043238/speaker_251004_043300.wav,2.9546282,3.9493577,3.0709777,2.6736166,3.3485274,NISQAv2
audio/com6_normal_4g-goodloss27_04-10-2025_043051/speaker_251004_043116.wav,2.4494512,3.8062212,2.5009828,2.3197644,3.2684658,NISQAv2
audio/com6_normal_4g-goodloss30_04-10-2025_042907/speaker_251004_042929.wav,2.278472,3.6899154,2.2258909,2.023068,3.1496038,NISQAv2
audio/com6_normal_4g-goodloss33_04-10-2025_042719/speaker_251004_042743.wav,2.2635646,3.7132423,2.3287697,2.0503376,3.0603602,NISQAv2
audio/com6_normal_4g-goodloss35_04-10-2025_042523/speaker_251004_042551.wav,1.9739183,3.69566,2.0986872,2.0306437,3.037335,NISQAv2
audio/com6_normal_4g-goodloss37_04-10-2025_042338/speaker_251004_042400.wav,1.8316438,3.4875522,2.3101134,1.9081228,2.987641,NISQAv2
audio/com6_normal_4g-goodloss3_04-10-2025_044712/speaker_251004_044731.wav,4.419248,4.2997384,4.139577,4.311641,4.456843,NISQAv2
audio/com6_normal_4g-goodloss40_04-10-2025_042153/speaker_251004_042217.wav,1.8094542,3.5881293,2.0195076,2.1428664,3.0224597,NISQAv2
audio/com6_normal_4g-goodloss6_04-10-2025_044519/speaker_251004_044541.wav,3.3738158,4.204128,3.1812675,3.9304,4.187348,NISQAv2
audio/com6_normal_4g-goodloss9_04-10-2025_044335/speaker_251004_044356.wav,4.476696,4.3194523,4.557592,4.0890784,4.300567,NISQAv2
audio/com6_plc_3g-goodloss0_04-10-2025_041909/speaker_251004_041936.wav,4.7553678,4.416406,4.7031655,4.35119,4.503346,NISQAv2
audio/com6_plc_3g-goodloss12_04-10-2025_041154/speaker_251004_041214.wav,3.8336313,4.121122,3.7319455,3.6882474,3.9637833,NISQAv2
audio/com6_plc_3g-goodloss15_04-10-2025_041005/speaker_251004_041029.wav,3.7987363,4.080429,3.6707594,3.5978563,3.8687181,NISQAv2
audio/com6_plc_3g-goodloss18_04-10-2025_040819/speaker_251004_040843.wav,3.2859042,4.0060253,3.3596978,3.0139172,3.5885117,NISQAv2
audio/com6_plc_3g-goodloss21_04-10-2025_040638/speaker_251004_040700.wav,3.1746292,4.0013385,2.9967542,3.0890143,3.5260139,NISQAv2
audio/com6_plc_3g-goodloss23_04-10-2025_040454/speaker_251004_040515.wav,3.0739515,3.9839704,3.2050612,2.5428627,3.3858745,NISQAv2
audio/com6_plc_3g-goodloss25_04-10-2025_040307/speaker_251004_040331.wav,3.0748339,3.9342701,3.0835307,2.7575,3.4817083,NISQAv2
audio/com6_plc_3g-goodloss27_04-10-2025_040111/speaker_251004_040144.wav,2.2229643,3.6711705,2.2721112,2.1670995,3.1690934,NISQAv2
audio/com6_plc_3g-goodloss30_04-10-2025_035926/speaker_251004_035945.wav,2.2757614,3.7763119,2.1262674,2.3484259,3.17183,NISQAv2
audio/com6_plc_3g-goodloss33_04-10-2025_035728/speaker_251004_035801.wav,2.1898785,3.6714287,2.5446317,2.2735465,3.2118683,NISQAv2
audio/com6_plc_3g-goodloss35_04-10-2025_035539/speaker_251004_035603.wav,2.1346276,3.677049,2.2237737,2.0660775,3.0733826,NISQAv2
audio/com6_plc_3g-goodloss37_04-10-2025_035354/speaker_251004_035418.wav,2.0707738,3.640601,2.2764227,2.0843923,3.0546129,NISQAv2
audio/com6_plc_3g-goodloss3_04-10-2025_041721/speaker_251004_041746.wav,4.420093,4.267881,4.1549234,4.3056083,4.4428544,NISQAv2
audio/com6_plc_3g-goodloss40_04-10-2025_035107/speaker_251004_035129.wav,1.8247722,3.594447,1.8713653,1.8845214,2.9830108,NISQAv2
audio/com6_plc_3g-goodloss6_04-10-2025_041528/speaker_251004_041553.wav,4.523621,4.3297305,4.375313,4.2512155,4.4237084,NISQAv2
audio/com6_plc_3g-goodloss9_04-10-2025_041338/speaker_251004_041402.wav,3.9165428,4.2103033,3.5273194,3.9904282,4.233582,NISQAv2
audio/com6_plc_4g-goodloss0_04-10-2025_044801/speaker_251004_044824.wav,4.485196,4.323718,4.2088966,4.3865294,4.501344,NISQAv2
audio/com6_plc_4g-goodloss12_04-10-2025_044053/speaker_251004_044115.wav,3.82248,4.1739445,3.374399,3.835013,4.1641026,NISQAv2
audio/com6_plc_4g-goodloss15_04-10-2025_043908/speaker_251004_043931.wav,3.8376715,4.153715,3.4847262,3.73725,4.081523,NISQAv2
audio/com6_plc_4g-goodloss18_04-10-2025_043717/speaker_251004_043745.wav,3.3986247,4.049642,3.2170045,3.1857736,3.7169454,NISQAv2
audio/com6_plc_4g-goodloss21_04-10-2025_043526/speaker_251004_043554.wav,3.134851,3.9242747,2.8679216,2.714338,3.3289366,NISQAv2
audio/com6_plc_4g-goodloss23_04-10-2025_043330/speaker_251004_043353.wav,3.4361904,4.0287113,4.056672,2.98867,3.590345,NISQAv2
audio/com6_plc_4g-goodloss25_04-10-2025_043146/speaker_251004_043208.wav,2.8459458,3.9154837,2.6350627,2.6472492,3.3555062,NISQAv2
audio/com6_plc_4g-goodloss27_04-10-2025_043000/speaker_251004_043021.wav,2.8195724,3.841376,2.8454764,2.302777,3.383242,NISQAv2
audio/com6_plc_4g-goodloss30_04-10-2025_042814/speaker_251004_042837.wav,2.673508,3.8371232,3.2451801,2.514409,3.3380892,NISQAv2
audio/com6_plc_4g-goodloss33_04-10-2025_042621/speaker_251004_042648.wav,2.432296,3.7222128,2.560172,2.2944782,3.2148945,NISQAv2
audio/com6_plc_4g-goodloss35_04-10-2025_042430/speaker_251004_042453.wav,2.1620529,3.6870775,2.4606745,2.0372057,3.0908635,NISQAv2
audio/com6_plc_4g-goodloss37_04-10-2025_042247/speaker_251004_042308.wav,2.2138257,3.7028275,2.282692,2.100556,3.1143727,NISQAv2
audio/com6_plc_4g-goodloss3_04-10-2025_044611/speaker_251004_044642.wav,4.5818553,4.382397,4.379816,4.3470774,4.5017967,NISQAv2
audio/com6_plc_4g-goodloss40_04-10-2025_042101/speaker_251004_042122.wav,1.8455784,3.58531,2.1440701,1.8550513,3.0016587,NISQAv2
audio/com6_plc_4g-goodloss6_04-10-2025_044427/speaker_251004_044449.wav,4.348912,4.3074093,4.069175,4.275379,4.434421,NISQAv2
audio/com6_plc_4g-goodloss9_04-10-2025_044239/speaker_251004_044304.wav,4.1248465,4.213822,3.8123627,4.0728154,4.2685666,NISQAv2
audio/com7_normal_3g-goodloss0_04-10-2025_051808/speaker_251004_051835.wav,4.546502,4.377476,4.268155,4.3965797,4.5016637,NISQAv2
audio/com7_normal_3g-goodloss12_04-10-2025_051051/speaker_251004_051115.wav,3.1295624,4.1844325,2.9015644,3.8878736,4.1447973,NISQAv2
audio/com7_normal_3g-goodloss15_04-10-2025_050858/speaker_251004_050928.wav,3.6646378,4.1545696,3.0994456,3.869141,4.1287665,NISQAv2
audio/com7_normal_3g-goodloss18_04-10-2025_050707/speaker_251004_050729.wav,3.8503447,4.228597,3.544843,3.743255,4.040611,NISQAv2
audio/com7_normal_3g-goodloss21_04-10-2025_050519/speaker_251004_050541.wav,3.761637,4.1599298,3.3554652,3.4507983,3.9110196,NISQAv2
audio/com7_normal_3g-goodloss23_04-10-2025_050329/speaker_251004_050352.wav,2.80594,4.0352325,2.622062,3.2273872,3.719574,NISQAv2
audio/com7_normal_3g-goodloss25_04-10-2025_050139/speaker_251004_050203.wav,2.7935565,3.9301274,2.485704,2.93086,3.5576572,NISQAv2
audio/com7_normal_3g-goodloss27_04-10-2025_045951/speaker_251004_050015.wav,2.4909303,3.8590968,2.2484834,2.3266065,3.2671132,NISQAv2
audio/com7_normal_3g-goodloss30_04-10-2025_045801/speaker_251004_045823.wav,2.3478825,3.8115494,2.4680169,2.566677,3.1247017,NISQAv2
audio/com7_normal_3g-goodloss33_04-10-2025_045612/speaker_251004_045638.wav,2.3007107,3.8140948,2.384663,2.1538904,3.15923,NISQAv2
audio/com7_normal_3g-goodloss35_04-10-2025_045417/speaker_251004_045446.wav,1.5326213,3.343768,1.9160688,1.7658443,2.6959016,NISQAv2
audio/com7_normal_3g-goodloss37_04-10-2025_045227/speaker_251004_045249.wav,1.6958313,3.6452887,2.2106023,1.8028653,3.0726602,NISQAv2
audio/com7_normal_3g-goodloss3_04-10-2025_051614/speaker_251004_051640.wav,4.2678504,4.2949934,3.8424354,4.2737193,4.3917823,NISQAv2
audio/com7_normal_3g-goodloss40_04-10-2025_045041/speaker_251004_045105.wav,1.566777,3.2386305,1.8972259,1.8774757,2.708651,NISQAv2
audio/com7_normal_3g-goodloss6_04-10-2025_051425/speaker_251004_051448.wav,4.412792,4.30271,4.0315256,4.3034453,4.4211307,NISQAv2
audio/com7_normal_3g-goodloss9_04-10-2025_051238/speaker_251004_051300.wav,4.127213,4.2672386,3.7153964,3.9434066,4.199139,NISQAv2
audio/com7_normal_4g-goodloss0_04-10-2025_054802/speaker_251004_054826.wav,4.6115136,4.38663,4.314476,4.4540257,4.5607758,NISQAv2
audio/com7_normal_4g-goodloss12_04-10-2025_053951/speaker_251004_054015.wav,4.220222,4.2547364,3.851198,4.1390533,4.3099074,NISQAv2
audio/com7_normal_4g-goodloss15_04-10-2025_053805/speaker_251004_053830.wav,3.2760837,4.093906,2.8120298,3.4340343,3.8100352,NISQAv2
audio/com7_normal_4g-goodloss18_04-10-2025_053618/speaker_251004_053642.wav,2.7876034,4.0611615,2.7944772,3.2802017,3.7313309,NISQAv2
audio/com7_normal_4g-goodloss21_04-10-2025_053424/speaker_251004_053448.wav,3.7894335,4.173358,3.634632,3.3597744,3.8096576,NISQAv2
audio/com7_normal_4g-goodloss23_04-10-2025_053224/speaker_251004_053247.wav,2.922866,3.9857082,2.6448972,2.9064085,3.5808203,NISQAv2
audio/com7_normal_4g-goodloss25_04-10-2025_053038/speaker_251004_053103.wav,2.7207024,3.9926426,2.550782,2.494518,3.3395708,NISQAv2
audio/com7_normal_4g-goodloss27_04-10-2025_052852/speaker_251004_052916.wav,3.3583617,4.1070757,2.9787652,3.5585618,3.9725788,NISQAv2
audio/com7_normal_4g-goodloss30_04-10-2025_052704/speaker_251004_052728.wav,2.3967676,3.8060832,2.2881558,2.1070201,3.129089,NISQAv2
audio/com7_normal_4g-goodloss33_04-10-2025_052517/speaker_251004_052542.wav,2.4020166,3.8465655,2.2573571,2.4775746,3.3142595,NISQAv2
audio/com7_normal_4g-goodloss35_04-10-2025_052331/speaker_251004_052354.wav,2.8653905,3.981246,2.8738384,2.4108198,3.3083026,NISQAv2
audio/com7_normal_4g-goodloss37_04-10-2025_052141/speaker_251004_052206.wav,1.5883778,3.4285548,2.1181495,1.7786164,2.8086612,NISQAv2
audio/com7_normal_4g-goodloss3_04-10-2025_054514/speaker_251004_054536.wav,4.57813,4.3880734,4.4180555,4.380828,4.517936,NISQAv2
audio/com7_normal_4g-goodloss40_04-10-2025_051957/speaker_251004_052022.wav,1.6141292,3.5069711,1.8787942,1.8955746,3.0326366,NISQAv2
audio/com7_normal_4g-goodloss6_04-10-2025_054328/speaker_251004_054353.wav,4.835226,4.455354,4.8130217,4.4213567,4.5376277,NISQAv2
audio/com7_normal_4g-goodloss9_04-10-2025_054137/speaker_251004_054203.wav,4.5867376,4.4016514,4.6643,4.2594056,4.396426,NISQAv2
audio/com7_plc_3g-goodloss0_04-10-2025_051710/speaker_251004_051737.wav,4.617962,4.371352,4.377568,4.4351554,4.517143,NISQAv2
audio/com7_plc_3g-goodloss12_04-10-2025_050958/speaker_251004_051021.wav,3.7935696,4.1038127,3.2502966,3.863446,4.140253,NISQAv2
audio/com7_plc_3g-goodloss15_04-10-2025_050759/speaker_251004_050828.wav,4.1238823,4.268761,3.7138164,4.0801563,4.260742,NISQAv2
audio/com7_plc_3g-goodloss18_04-10-2025_050612/speaker_251004_050636.wav,3.2654207,3.997039,2.7751436,3.4485753,3.814253,NISQAv2
audio/com7_plc_3g-goodloss21_04-10-2025_050422/speaker_251004_050449.wav,3.519684,4.1095366,3.0812557,3.4991138,3.8780038,NISQAv2
audio/com7_plc_3g-goodloss23_04-10-2025_050233/speaker_251004_050259.wav,3.4198463,4.0448804,3.1632192,3.1423357,3.59384,NISQAv2
audio/com7_plc_3g-goodloss25_04-10-2025_050045/speaker_251004_050108.wav,3.6891801,4.1540046,3.4878237,3.2293546,3.783706,NISQAv2
audio/com7_plc_3g-goodloss27_04-10-2025_045853/speaker_251004_045920.wav,3.4695866,4.064101,3.0396855,3.0633833,3.638044,NISQAv2
audio/com7_plc_3g-goodloss30_04-10-2025_045708/speaker_251004_045731.wav,3.3307614,4.076298,2.88302,3.2112238,3.6907637,NISQAv2
audio/com7_plc_3g-goodloss33_04-10-2025_045516/speaker_251004_045541.wav,2.2250004,3.7962577,2.379279,2.2524788,3.063957,NISQAv2
audio/com7_plc_3g-goodloss35_04-10-2025_045319/speaker_251004_045346.wav,1.9063456,3.6324394,1.9832983,2.1992643,3.0378888,NISQAv2
audio/com7_plc_3g-goodloss37_04-10-2025_045135/speaker_251004_045156.wav,2.0793352,3.6341143,1.9311056,2.0644693,3.0656602,NISQAv2
audio/com7_plc_3g-goodloss3_04-10-2025_051519/speaker_251004_051544.wav,4.5543113,4.3572087,4.2721777,4.396605,4.5337505,NISQAv2
audio/com7_plc_3g-goodloss40_04-10-2025_044949/speaker_251004_045011.wav,2.0150754,3.5864286,1.8854446,1.9869293,3.0698144,NISQAv2
audio/com7_plc_3g-goodloss6_04-10-2025_051330/speaker_251004_051355.wav,4.4540157,4.306606,4.1173587,4.3429923,4.4738784,NISQAv2
audio/com7_plc_3g-goodloss9_04-10-2025_051145/speaker_251004_051207.wav,4.4499893,4.332298,4.147197,4.2781615,4.426733,NISQAv2
audio/com7_plc_4g-goodloss0_04-10-2025_054606/speaker_251004_054628.wav,4.5751243,4.370643,4.275881,4.436339,4.546654,NISQAv2
audio/com7_plc_4g-goodloss12_04-10-2025_053900/speaker_251004_053921.wav,4.7093983,4.459637,4.7687263,4.298595,4.4765925,NISQAv2
audio/com7_plc_4g-goodloss15_04-10-2025_053712/speaker_251004_053735.wav,4.0243483,4.1873,3.5674002,3.961877,4.1963444,NISQAv2
audio/com7_plc_4g-goodloss18_04-10-2025_053518/speaker_251004_053547.wav,3.7529166,4.1897955,3.3207781,3.5303776,3.9707544,NISQAv2
audio/com7_plc_4g-goodloss21_04-10-2025_053317/speaker_251004_053354.wav,3.255321,3.9952316,2.934365,3.3936636,3.82497,NISQAv2
audio/com7_plc_4g-goodloss23_04-10-2025_053133/speaker_251004_053154.wav,3.6512487,4.1182466,3.287247,3.1829286,3.7359085,NISQAv2
audio/com7_plc_4g-goodloss25_04-10-2025_052946/speaker_251004_053008.wav,3.5613446,4.084576,3.9855986,3.1191804,3.6476202,NISQAv2
audio/com7_plc_4g-goodloss27_04-10-2025_052758/speaker_251004_052822.wav,3.2170696,4.008079,2.975627,3.1219447,3.6287522,NISQAv2
audio/com7_plc_4g-goodloss30_04-10-2025_052612/speaker_251004_052634.wav,2.9380214,3.9596498,2.859079,2.5853045,3.405333,NISQAv2
audio/com7_plc_4g-goodloss33_04-10-2025_052425/speaker_251004_052447.wav,2.1976478,3.6684299,2.1013908,2.061279,3.0966794,NISQAv2
audio/com7_plc_4g-goodloss35_04-10-2025_052237/speaker_251004_052301.wav,2.6881263,3.858538,2.6970284,2.3132823,3.2734668,NISQAv2
audio/com7_plc_4g-goodloss37_04-10-2025_052052/speaker_251004_052111.wav,1.7832655,3.575788,1.8996999,2.097152,3.099285,NISQAv2
audio/com7_plc_4g-goodloss3_04-10-2025_054423/speaker_251004_054443.wav,4.46752,4.3071666,4.1067667,4.3597107,4.488943,NISQAv2
audio/com7_plc_4g-goodloss40_04-10-2025_051905/speaker_251004_051927.wav,1.8470863,3.6051564,1.9647338,1.8934108,3.0571408,NISQAv2
audio/com7_plc_4g-goodloss6_04-10-2025_054233/speaker_251004_054258.wav,4.475376,4.337532,4.1749153,4.337263,4.459538,NISQAv2
audio/com7_plc_4g-goodloss9_04-10-2025_054045/speaker_251004_054107.wav,4.7571945,4.5083747,4.8077765,4.392019,4.504925,NISQAv2
audio/com8_normal_3g-goodloss0_04-10-2025_061656/speaker_251004_061723.wav,4.5355678,4.3540387,4.233205,4.3967547,4.506166,NISQAv2
audio/com8_normal_3g-goodloss12_04-10-2025_060937/speaker_251004_061003.wav,3.0067403,4.196201,2.812659,3.8050318,4.0855536,NISQAv2
audio/com8_normal_3g-goodloss15_04-10-2025_060745/speaker_251004_060808.wav,4.460164,4.2718277,4.3689547,4.1497264,4.34596,NISQAv2
audio/com8_normal_3g-goodloss18_04-10-2025_060558/speaker_251004_060622.wav,4.1346645,4.2368493,4.028914,3.8724093,4.1721244,NISQAv2
audio/com8_normal_3g-goodloss21_04-10-2025_060410/speaker_251004_060435.wav,3.778605,4.1554694,3.4160783,3.701027,3.9591649,NISQAv2
audio/com8_normal_3g-goodloss23_04-10-2025_060228/speaker_251004_060249.wav,3.1060932,4.0030947,2.6300464,3.0933292,3.6841955,NISQAv2
audio/com8_normal_3g-goodloss25_04-10-2025_060034/speaker_251004_060105.wav,3.0125403,3.9577515,2.7484868,2.8926165,3.579738,NISQAv2
audio/com8_normal_3g-goodloss27_04-10-2025_055846/speaker_251004_055908.wav,2.773071,3.905594,2.4007847,2.5062706,3.319596,NISQAv2
audio/com8_normal_3g-goodloss30_04-10-2025_055701/speaker_251004_055724.wav,2.322219,3.8209517,2.1735973,2.4320595,3.145435,NISQAv2
audio/com8_normal_3g-goodloss33_04-10-2025_055510/speaker_251004_055538.wav,2.2945654,3.76983,2.4590213,2.385038,3.198096,NISQAv2
audio/com8_normal_3g-goodloss35_04-10-2025_055330/speaker_251004_055353.wav,2.0074143,3.6523914,2.2616098,2.0212307,3.1364174,NISQAv2
audio/com8_normal_3g-goodloss37_04-10-2025_055136/speaker_251004_055203.wav,2.2280288,3.7750676,2.1916142,2.2576258,3.150853,NISQAv2
audio/com8_normal_3g-goodloss3_04-10-2025_061504/speaker_251004_061529.wav,4.7749457,4.485044,4.8064914,4.38336,4.5402045,NISQAv2
audio/com8_normal_3g-goodloss40_04-10-2025_054947/speaker_251004_055015.wav,1.6225315,3.4586918,1.8492517,1.9056973,2.848269,NISQAv2
audio/com8_normal_3g-goodloss6_04-10-2025_061319/speaker_251004_061342.wav,4.3793926,4.2409964,3.9640958,4.291834,4.412839,NISQAv2
audio/com8_normal_3g-goodloss9_04-10-2025_061130/speaker_251004_061154.wav,4.2186737,4.321191,3.934405,4.242621,4.3920574,NISQAv2
audio/com8_normal_4g-goodloss0_04-10-2025_064624/speaker_251004_064653.wav,4.6288724,4.3815627,4.369809,4.4230065,4.5410066,NISQAv2
audio/com8_normal_4g-goodloss12_04-10-2025_063901/speaker_251004_063925.wav,3.96369,4.2848816,3.7796457,4.0195,4.2472663,NISQAv2
audio/com8_normal_4g-goodloss15_04-10-2025_063709/speaker_251004_063732.wav,3.7419977,4.225725,3.2724478,3.695494,4.046833,NISQAv2
audio/com8_normal_4g-goodloss18_04-10-2025_063518/speaker_251004_063543.wav,3.5742009,4.098272,2.9655254,3.5734272,3.937238,NISQAv2
audio/com8_normal_4g-goodloss21_04-10-2025_063331/speaker_251004_063354.wav,3.3200557,4.063998,2.9276245,3.4357395,3.8832705,NISQAv2
audio/com8_normal_4g-goodloss23_04-10-2025_063134/speaker_251004_063201.wav,3.2914298,4.0639277,2.767392,3.247453,3.7614684,NISQAv2
audio/com8_normal_4g-goodloss25_04-10-2025_062945/speaker_251004_063010.wav,2.9084878,4.045764,2.6098638,3.274638,3.769015,NISQAv2
audio/com8_normal_4g-goodloss27_04-10-2025_062749/speaker_251004_062811.wav,3.3556864,4.0577216,3.1318235,3.1351893,3.5943477,NISQAv2
audio/com8_normal_4g-goodloss30_04-10-2025_062604/speaker_251004_062624.wav,3.8829596,4.152956,4.029019,3.4220328,3.9190974,NISQAv2
audio/com8_normal_4g-goodloss33_04-10-2025_062410/speaker_251004_062435.wav,2.518214,3.8046222,2.338446,2.3041236,3.2908154,NISQAv2
audio/com8_normal_4g-goodloss35_04-10-2025_062223/speaker_251004_062246.wav,1.874509,3.6238532,1.8964257,1.9799864,2.9795446,NISQAv2
audio/com8_normal_4g-goodloss37_04-10-2025_062031/speaker_251004_062057.wav,1.940371,3.6631792,2.1141644,2.163191,3.0110052,NISQAv2
audio/com8_normal_4g-goodloss3_04-10-2025_064436/speaker_251004_064458.wav,4.740261,4.4788437,4.7576003,4.355946,4.5234084,NISQAv2
audio/com8_normal_4g-goodloss40_04-10-2025_061845/speaker_251004_061908.wav,1.8961663,3.7206311,2.0573428,2.1108916,3.0291212,NISQAv2
audio/com8_normal_4g-goodloss6_04-10-2025_064247/speaker_251004_064309.wav,4.522989,4.3344045,4.246444,4.349258,4.497953,NISQAv2
audio/com8_normal_4g-goodloss9_04-10-2025_064050/speaker_251004_064111.wav,4.490811,4.31658,4.130205,4.38538,4.5183997,NISQAv2
audio/com8_plc_3g-goodloss0_04-10-2025_061600/speaker_251004_061626.wav,4.549263,4.3626294,4.2732153,4.3957024,4.512791,NISQAv2
audio/com8_plc_3g-goodloss12_04-10-2025_060839/speaker_251004_060907.wav,4.5013013,4.33886,4.2390685,4.30398,4.452595,NISQAv2
audio/com8_plc_3g-goodloss15_04-10-2025_060652/speaker_251004_060715.wav,4.3363996,4.3289495,4.104098,4.188047,4.3699307,NISQAv2
audio/com8_plc_3g-goodloss18_04-10-2025_060505/speaker_251004_060528.wav,3.4688408,4.1109443,3.037229,3.5227184,3.8708622,NISQAv2
audio/com8_plc_3g-goodloss21_04-10-2025_060320/speaker_251004_060340.wav,3.4209168,4.0241084,2.9854753,3.5613654,3.9194927,NISQAv2
audio/com8_plc_3g-goodloss23_04-10-2025_060136/speaker_251004_060158.wav,3.4533234,4.0645447,2.9166996,3.5800004,3.97774,NISQAv2
audio/com8_plc_3g-goodloss25_04-10-2025_055938/speaker_251004_060004.wav,3.3175113,4.004462,2.8590965,3.0398326,3.6299481,NISQAv2
audio/com8_plc_3g-goodloss27_04-10-2025_055754/speaker_251004_055816.wav,2.7765737,3.9164732,2.3216295,2.6967738,3.490658,NISQAv2
audio/com8_plc_3g-goodloss30_04-10-2025_055609/speaker_251004_055631.wav,2.7738903,3.9212377,2.5219274,2.7163694,3.479368,NISQAv2
audio/com8_plc_3g-goodloss33_04-10-2025_055423/speaker_251004_055440.wav,2.235635,3.7548933,2.058716,2.3530538,3.3199658,NISQAv2
audio/com8_plc_3g-goodloss35_04-10-2025_055233/speaker_251004_055300.wav,2.1086943,3.6586618,2.130812,2.2126307,3.1119764,NISQAv2
audio/com8_plc_3g-goodloss37_04-10-2025_055045/speaker_251004_055106.wav,2.2288797,3.733578,2.3937945,2.1571689,3.105623,NISQAv2
audio/com8_plc_3g-goodloss3_04-10-2025_061412/speaker_251004_061434.wav,4.8018436,4.4872174,4.851039,4.4221845,4.5567527,NISQAv2
audio/com8_plc_3g-goodloss40_04-10-2025_054856/speaker_251004_054917.wav,1.7462522,3.5395634,1.9495759,1.9362192,3.1265252,NISQAv2
audio/com8_plc_3g-goodloss6_04-10-2025_061224/speaker_251004_061249.wav,4.44608,4.279714,4.1467485,4.304065,4.459652,NISQAv2
audio/com8_plc_3g-goodloss9_04-10-2025_061034/speaker_251004_061059.wav,4.0690775,4.2615495,3.5913167,4.1705475,4.3321505,NISQAv2
audio/com8_plc_4g-goodloss0_04-10-2025_064529/speaker_251004_064554.wav,4.870013,4.498709,4.852132,4.485086,4.578066,NISQAv2
audio/com8_plc_4g-goodloss12_04-10-2025_063802/speaker_251004_063831.wav,4.2660036,4.2955494,3.8621163,4.2465787,4.4146705,NISQAv2
audio/com8_plc_4g-goodloss15_04-10-2025_063613/speaker_251004_063639.wav,4.2622895,4.287977,4.020827,4.2229133,4.379371,NISQAv2
audio/com8_plc_4g-goodloss18_04-10-2025_063424/speaker_251004_063448.wav,4.244334,4.267669,4.1441617,3.8719842,4.1609387,NISQAv2
audio/com8_plc_4g-goodloss21_04-10-2025_063231/speaker_251004_063301.wav,3.9353778,4.207878,3.4154453,3.5772219,4.012905,NISQAv2
audio/com8_plc_4g-goodloss23_04-10-2025_063041/speaker_251004_063104.wav,3.22304,4.0163774,2.7013628,3.0648444,3.65529,NISQAv2
audio/com8_plc_4g-goodloss25_04-10-2025_062841/speaker_251004_062915.wav,3.8211215,4.1309266,3.5658429,3.5923193,3.9280252,NISQAv2
audio/com8_plc_4g-goodloss27_04-10-2025_062654/speaker_251004_062719.wav,3.046997,3.9814434,2.8379726,2.9094126,3.5776868,NISQAv2
audio/com8_plc_4g-goodloss30_04-10-2025_062505/speaker_251004_062533.wav,2.728573,3.857611,2.3745034,2.7606232,3.4916837,NISQAv2
audio/com8_plc_4g-goodloss33_04-10-2025_062316/speaker_251004_062340.wav,2.5544388,3.839653,2.3258886,2.6662307,3.326773,NISQAv2
audio/com8_plc_4g-goodloss35_04-10-2025_062127/speaker_251004_062152.wav,2.5235617,3.8271537,2.2461777,2.4254568,3.3630788,NISQAv2
audio/com8_plc_4g-goodloss37_04-10-2025_061939/speaker_251004_062001.wav,2.4006727,3.7778704,2.2104537,2.2307146,3.1846995,NISQAv2
audio/com8_plc_4g-goodloss3_04-10-2025_064339/speaker_251004_064405.wav,4.642095,4.350346,4.332249,4.4303813,4.5240774,NISQAv2
audio/com8_plc_4g-goodloss40_04-10-2025_061753/speaker_251004_061815.wav,1.9906932,3.6373043,2.189163,2.024956,3.0198524,NISQAv2
audio/com8_plc_4g-goodloss6_04-10-2025_064141/speaker_251004_064217.wav,4.662005,4.366529,4.4172506,4.4356365,4.5229173,NISQAv2
audio/com8_plc_4g-goodloss9_04-10-2025_063955/speaker_251004_064019.wav,4.5858235,4.3750978,4.2006936,4.409144,4.554815,NISQAv2
audio/com9_normal_3g-goodloss0_04-10-2025_071545/speaker_251004_071617.wav,4.435363,4.3289576,4.0858145,4.3941245,4.515441,NISQAv2
audio/com9_normal_3g-goodloss12_04-10-2025_070831/speaker_251004_070856.wav,4.002927,4.2933145,3.5688684,4.1604247,4.346276,NISQAv2
audio/com9_normal_3g-goodloss15_04-10-2025_070635/speaker_251004_070703.wav,3.88625,4.256633,3.5386271,3.9746342,4.2458105,NISQAv2
audio/com9_normal_3g-goodloss18_04-10-2025_070446/speaker_251004_070512.wav,3.7726243,4.2204976,3.1350977,3.5905678,4.0525184,NISQAv2
audio/com9_normal_3g-goodloss21_04-10-2025_070247/speaker_251004_070318.wav,3.0809195,4.120615,2.945262,3.3689778,3.8544753,NISQAv2
audio/com9_normal_3g-goodloss23_04-10-2025_070058/speaker_251004_070121.wav,2.8246884,3.972362,2.716568,3.044647,3.5788903,NISQAv2
audio/com9_normal_3g-goodloss25_04-10-2025_065911/speaker_251004_065935.wav,2.6270444,4.0339203,2.740508,3.1135952,3.685314,NISQAv2
audio/com9_normal_3g-goodloss27_04-10-2025_065716/speaker_251004_065742.wav,2.4611313,3.83099,2.3620124,2.807628,3.4243653,NISQAv2
audio/com9_normal_3g-goodloss30_04-10-2025_065529/speaker_251004_065553.wav,2.7902806,3.9019203,2.606642,2.557827,3.277976,NISQAv2
audio/com9_normal_3g-goodloss33_04-10-2025_065344/speaker_251004_065405.wav,2.2157743,3.895304,2.2463832,2.470983,3.259878,NISQAv2
audio/com9_normal_3g-goodloss35_04-10-2025_065157/speaker_251004_065219.wav,2.1351767,3.8460898,2.2079546,2.5035946,3.2736156,NISQAv2
audio/com9_normal_3g-goodloss37_04-10-2025_065011/speaker_251004_065033.wav,1.6176687,3.3820813,1.9615443,1.8308129,2.820936,NISQAv2
audio/com9_normal_3g-goodloss3_04-10-2025_071357/speaker_251004_071420.wav,4.7706347,4.4716587,4.820636,4.391724,4.51483,NISQAv2
audio/com9_normal_3g-goodloss40_04-10-2025_064815/speaker_251004_064843.wav,1.7907417,3.7523148,2.120006,2.0059962,3.094186,NISQAv2
audio/com9_normal_3g-goodloss6_04-10-2025_071205/speaker_251004_071230.wav,4.792652,4.462869,4.815728,4.3920817,4.530017,NISQAv2
audio/com9_normal_3g-goodloss9_04-10-2025_071022/speaker_251004_071046.wav,4.356779,4.3239675,4.051759,4.276964,4.403458,NISQAv2
audio/com9_normal_4g-goodloss0_04-10-2025_074447/speaker_251004_074510.wav,4.845964,4.520551,4.8741164,4.4688787,4.582331,NISQAv2
audio/com9_normal_4g-goodloss12_04-10-2025_073738/speaker_251004_073801.wav,3.51705,4.2562995,3.3097265,3.7981477,4.112638,NISQAv2
audio/com9_normal_4g-goodloss15_04-10-2025_073555/speaker_251004_073618.wav,4.114637,4.202414,3.7219708,3.9950569,4.258431,NISQAv2
audio/com9_normal_4g-goodloss18_04-10-2025_073359/speaker_251004_073426.wav,3.2545657,4.1279826,2.9846728,3.4817874,3.908842,NISQAv2
audio/com9_normal_4g-goodloss21_04-10-2025_073211/speaker_251004_073236.wav,4.172016,4.239594,4.349199,3.7351494,4.0866,NISQAv2
audio/com9_normal_4g-goodloss23_04-10-2025_073025/speaker_251004_073047.wav,2.708195,3.9197066,2.4900644,3.095652,3.5849714,NISQAv2
audio/com9_normal_4g-goodloss25_04-10-2025_072838/speaker_251004_072904.wav,2.5691013,3.9230425,2.4850419,2.8020606,3.4003937,NISQAv2
audio/com9_normal_4g-goodloss27_04-10-2025_072655/speaker_251004_072716.wav,3.290026,4.0760517,3.033482,2.8980234,3.6270247,NISQAv2
audio/com9_normal_4g-goodloss30_04-10-2025_072452/speaker_251004_072517.wav,2.4446385,3.8050287,2.1500354,2.3385694,3.253847,NISQAv2
audio/com9_normal_4g-goodloss33_04-10-2025_072306/speaker_251004_072328.wav,2.2313359,3.7235682,2.1566746,2.0863078,3.015214,NISQAv2
audio/com9_normal_4g-goodloss35_04-10-2025_072116/speaker_251004_072142.wav,1.973963,3.7802947,2.1665308,2.1983848,3.161422,NISQAv2
audio/com9_normal_4g-goodloss37_04-10-2025_071924/speaker_251004_071950.wav,2.3593376,3.866469,2.429877,2.306358,3.1950529,NISQAv2
audio/com9_normal_4g-goodloss3_04-10-2025_074259/speaker_251004_074321.wav,4.8532557,4.5394206,4.8796005,4.4695096,4.5871906,NISQAv2
audio/com9_normal_4g-goodloss40_04-10-2025_071739/speaker_251004_071801.wav,1.6242087,3.335422,1.9091897,1.8192402,2.8288934,NISQAv2
audio/com9_normal_4g-goodloss6_04-10-2025_074113/speaker_251004_074135.wav,4.4905586,4.3090267,4.2176275,4.367538,4.4813204,NISQAv2
audio/com9_normal_4g-goodloss9_04-10-2025_073925/speaker_251004_073948.wav,4.726421,4.432861,4.770856,4.329576,4.490966,NISQAv2
audio/com9_plc_3g-goodloss0_04-10-2025_071450/speaker_251004_071515.wav,4.5568037,4.3725934,4.1817503,4.4144187,4.5111117,NISQAv2
audio/com9_plc_3g-goodloss12_04-10-2025_070733/speaker_251004_070800.wav,4.4889097,4.353748,4.2466173,4.21572,4.3589463,NISQAv2
audio/com9_plc_3g-goodloss15_04-10-2025_070543/speaker_251004_070605.wav,4.267643,4.3162837,4.0128927,4.1281223,4.333757,NISQAv2
audio/com9_plc_3g-goodloss18_04-10-2025_070348/speaker_251004_070415.wav,3.774221,4.161472,3.1858537,3.8076923,4.0636683,NISQAv2
audio/com9_plc_3g-goodloss21_04-10-2025_070151/speaker_251004_070217.wav,4.066909,4.192798,3.8215654,3.8969097,4.173595,NISQAv2
audio/com9_plc_3g-goodloss23_04-10-2025_070005/speaker_251004_070028.wav,3.5016794,4.0901837,2.9329126,3.2461107,3.7836902,NISQAv2
audio/com9_plc_3g-goodloss25_04-10-2025_065812/speaker_251004_065840.wav,2.985979,4.000619,2.462363,3.0467703,3.624024,NISQAv2
audio/com9_plc_3g-goodloss27_04-10-2025_065624/speaker_251004_065646.wav,2.8999624,3.9509323,2.5298452,2.885463,3.5009925,NISQAv2
audio/com9_plc_3g-goodloss30_04-10-2025_065436/speaker_251004_065459.wav,3.1365001,3.9454598,3.3456624,2.6668108,3.5656064,NISQAv2
audio/com9_plc_3g-goodloss33_04-10-2025_065250/speaker_251004_065313.wav,2.6080606,3.87011,2.2707434,2.5428677,3.3935888,NISQAv2
audio/com9_plc_3g-goodloss35_04-10-2025_065104/speaker_251004_065127.wav,2.4581242,3.8015714,2.3444126,2.3232858,3.2827194,NISQAv2
audio/com9_plc_3g-goodloss37_04-10-2025_064913/speaker_251004_064941.wav,2.3122675,3.680549,2.1461918,2.1892862,3.2374473,NISQAv2
audio/com9_plc_3g-goodloss3_04-10-2025_071301/speaker_251004_071327.wav,4.5944924,4.357837,4.301779,4.391027,4.5210786,NISQAv2
audio/com9_plc_3g-goodloss40_04-10-2025_064723/speaker_251004_064745.wav,1.7986981,3.5083477,1.7358665,1.9787899,3.0379121,NISQAv2
audio/com9_plc_3g-goodloss6_04-10-2025_071116/speaker_251004_071135.wav,4.4916587,4.332451,4.1415486,4.394125,4.510034,NISQAv2
audio/com9_plc_3g-goodloss9_04-10-2025_070926/speaker_251004_070951.wav,4.069725,4.229687,3.611317,4.2754893,4.3951077,NISQAv2
audio/com9_plc_4g-goodloss0_04-10-2025_074352/speaker_251004_074417.wav,4.552363,4.3024487,4.232641,4.434621,4.5146728,NISQAv2
audio/com9_plc_4g-goodloss12_04-10-2025_073648/speaker_251004_073708.wav,4.0522776,4.2162023,3.7210023,3.988137,4.2322774,NISQAv2
audio/com9_plc_4g-goodloss15_04-10-2025_073457/speaker_251004_073525.wav,3.9956584,4.2172256,3.6412187,3.9739377,4.2615523,NISQAv2
audio/com9_plc_4g-goodloss18_04-10-2025_073306/speaker_251004_073329.wav,3.381478,4.0678263,2.874286,3.826066,4.0507708,NISQAv2
audio/com9_plc_4g-goodloss21_04-10-2025_073117/speaker_251004_073141.wav,3.956218,4.206495,3.5752385,3.8601737,4.152391,NISQAv2
audio/com9_plc_4g-goodloss23_04-10-2025_072934/speaker_251004_072955.wav,3.5510013,4.076506,3.114039,3.091602,3.6720846,NISQAv2
audio/com9_plc_4g-goodloss25_04-10-2025_072746/speaker_251004_072807.wav,3.5388186,4.090013,3.1551044,3.3437572,3.9030244,NISQAv2
audio/com9_plc_4g-goodloss27_04-10-2025_072548/speaker_251004_072625.wav,3.4808052,4.035884,3.525535,3.043256,3.725175,NISQAv2
audio/com9_plc_4g-goodloss30_04-10-2025_072358/speaker_251004_072422.wav,2.9686024,3.9350424,2.602076,2.8116112,3.5191584,NISQAv2
audio/com9_plc_4g-goodloss33_04-10-2025_072212/speaker_251004_072236.wav,2.5943449,3.834236,2.2897396,2.5938647,3.2924557,NISQAv2
audio/com9_plc_4g-goodloss35_04-10-2025_072020/speaker_251004_072045.wav,2.3827803,3.7011938,2.2532084,2.205827,3.2576377,NISQAv2
audio/com9_plc_4g-goodloss37_04-10-2025_071831/speaker_251004_071854.wav,2.060418,3.7157357,1.9869456,2.1995356,3.1740258,NISQAv2
audio/com9_plc_4g-goodloss3_04-10-2025_074205/speaker_251004_074229.wav,4.55716,4.400448,4.1700687,4.3798995,4.525656,NISQAv2
audio/com9_plc_4g-goodloss40_04-10-2025_071647/speaker_251004_071709.wav,2.0471175,3.6361492,1.9716718,2.2224267,3.1387649,NISQAv2
audio/com9_plc_4g-goodloss6_04-10-2025_074018/speaker_251004_074043.wav,4.604422,4.3361955,4.3619447,4.361161,4.5240617,NISQAv2
audio/com9_plc_4g-goodloss9_04-10-2025_073832/speaker_251004_073855.wav,4.771827,4.4904265,4.7175264,4.395903,4.5304804,NISQAv2
