folder,plc,network,loss,rtt,app_neteq,neteq_v1,kNormal,kCodecPlc,kExpand,kMerge,kAccelerateSuccess,kAccelerateLowEnergy,kAccelerateFail,kPreemptiveExpandSuccess,kPreemptiveExpandLowEnergy,kPreemptiveExpandFail,kDefault
en-5_dec-6_normal_dred-0_2G-DevelopingRural_loss-0_rtt-50_03-08-2026_193817,False,2G-DevelopingRural,0,50,1.95611,4.83511,273,0,1217,431,5,0,0,149,82,80,0
en-5_dec-6_normal_dred-0_2G-DevelopingRural_loss-10_rtt-120_03-08-2026_193959,False,2G-DevelopingRural,10,120,1.67597,4.82857,215,0,1277,402,9,0,4,146,109,78,0
en-5_dec-6_normal_dred-0_2G-DevelopingRural_loss-15_rtt-160_03-08-2026_194050,False,2G-DevelopingRural,15,160,1.40417,4.81782,169,0,1383,381,8,0,2,110,97,66,0
en-5_dec-6_normal_dred-0_2G-DevelopingRural_loss-20_rtt-200_03-08-2026_194141,False,2G-DevelopingRural,20,200,1.61847,4.82406,208,0,1327,380,10,0,2,154,86,75,0
en-5_dec-6_normal_dred-0_2G-DevelopingRural_loss-30_rtt-300_03-08-2026_194232,False,2G-DevelopingRural,30,300,1.05431,4.81181,151,0,1448,374,15,0,10,102,74,62,0
en-5_dec-6_normal_dred-0_2G-DevelopingRural_loss-40_rtt-400_03-08-2026_194323,False,2G-DevelopingRural,40,400,0.671529,4.80358,143,0,1582,305,5,0,2,68,66,62,0
en-5_dec-6_normal_dred-0_2G-DevelopingRural_loss-50_rtt-600_03-08-2026_194414,False,2G-DevelopingRural,50,600,0.452986,4.79643,131,0,1655,291,8,0,4,39,60,41,0
en-5_dec-6_normal_dred-0_2G-DevelopingRural_loss-5_rtt-80_03-08-2026_193908,False,2G-DevelopingRural,5,80,1.92813,4.83419,248,0,1224,377,5,0,2,141,146,74,0
en-5_dec-6_normal_dred-0_2G-DevelopingRural_loss-70_rtt-900_03-08-2026_194505,False,2G-DevelopingRural,70,900,0.416667,4.78095,138,0,1860,164,9,0,0,13,30,17,0
en-5_dec-6_normal_dred-0_2G-DevelopingRural_loss-90_rtt-1200_03-08-2026_194556,False,2G-DevelopingRural,90,1200,0.416667,4.77077,140,0,2008,44,8,0,0,3,28,3,0
en-5_dec-6_normal_dred-0_2G-DevelopingUrban_loss-0_rtt-50_03-08-2026_194647,False,2G-DevelopingUrban,0,50,3.34542,4.91821,766,0,435,112,6,0,14,491,223,193,0
en-5_dec-6_normal_dred-0_2G-DevelopingUrban_loss-10_rtt-120_03-08-2026_194829,False,2G-DevelopingUrban,10,120,3.29118,4.90678,661,0,548,171,6,0,12,413,195,227,0
en-5_dec-6_normal_dred-0_2G-DevelopingUrban_loss-15_rtt-160_03-08-2026_194920,False,2G-DevelopingUrban,15,160,3.07153,4.89478,579,0,633,193,11,5,4,366,254,187,0
en-5_dec-6_normal_dred-0_2G-DevelopingUrban_loss-20_rtt-200_03-08-2026_195010,False,2G-DevelopingUrban,20,200,2.78618,4.88062,512,0,802,216,5,0,0,302,245,155,0
en-5_dec-6_normal_dred-0_2G-DevelopingUrban_loss-30_rtt-300_03-08-2026_195101,False,2G-DevelopingUrban,30,300,2.60101,4.86513,383,0,892,248,12,0,4,312,191,142,0
en-5_dec-6_normal_dred-0_2G-DevelopingUrban_loss-40_rtt-400_03-08-2026_195152,False,2G-DevelopingUrban,40,400,2.11049,4.84806,314,0,1087,282,20,6,4,212,209,134,0
en-5_dec-6_normal_dred-0_2G-DevelopingUrban_loss-50_rtt-600_03-08-2026_195243,False,2G-DevelopingUrban,50,600,1.6325,4.8308,216,0,1284,293,14,0,20,162,100,148,0
en-5_dec-6_normal_dred-0_2G-DevelopingUrban_loss-5_rtt-80_03-08-2026_194738,False,2G-DevelopingUrban,5,80,3.2375,4.90619,708,0,497,145,20,6,13,439,271,131,0
en-5_dec-6_normal_dred-0_2G-DevelopingUrban_loss-70_rtt-900_03-08-2026_195334,False,2G-DevelopingUrban,70,900,0.666876,4.79899,142,0,1624,285,15,0,4,44,61,61,0
en-5_dec-6_normal_dred-0_2G-DevelopingUrban_loss-90_rtt-1200_03-08-2026_195425,False,2G-DevelopingUrban,90,1200,0.416667,4.77607,119,0,1927,116,11,0,8,9,37,13,0
en-5_dec-6_normal_dred-0_3G-Average_loss-0_rtt-50_03-08-2026_195516,False,3G-Average,0,50,4.95979,4.99003,2065,0,11,4,28,2,22,22,37,36,0
en-5_dec-6_normal_dred-0_3G-Average_loss-10_rtt-120_03-08-2026_195657,False,3G-Average,10,120,4.61257,4.9527,1639,0,225,180,46,2,18,58,41,34,0
en-5_dec-6_normal_dred-0_3G-Average_loss-15_rtt-160_03-08-2026_195748,False,3G-Average,15,160,4.60489,4.95629,2186,0,343,235,18,4,32,90,43,55,0
en-5_dec-6_normal_dred-0_3G-Average_loss-20_rtt-200_03-08-2026_195846,False,3G-Average,20,200,4.19729,4.92759,1232,0,397,259,40,0,12,117,88,82,0
en-5_dec-6_normal_dred-0_3G-Average_loss-30_rtt-300_03-08-2026_195937,False,3G-Average,30,300,3.68458,4.89641,958,0,621,348,43,10,16,125,60,59,0
en-5_dec-6_normal_dred-0_3G-Average_loss-40_rtt-400_03-08-2026_200028,False,3G-Average,40,400,3.22229,4.87379,639,0,818,363,19,22,6,170,126,92,0
en-5_dec-6_normal_dred-0_3G-Average_loss-50_rtt-600_03-08-2026_200119,False,3G-Average,50,600,4.97708,4.99295,2173,0,0,0,24,6,10,0,14,0,0
en-5_dec-6_normal_dred-0_3G-Average_loss-50_rtt-600_03-08-2026_201737,False,3G-Average,50,600,2.5407,4.84846,337,0,1079,407,19,0,20,156,60,156,0
en-5_dec-6_normal_dred-0_3G-Average_loss-50_rtt-600_03-08-2026_202014,False,3G-Average,50,600,2.71861,4.8543,498,0,927,374,49,20,12,139,121,81,0
en-5_dec-6_normal_dred-0_3G-Average_loss-5_rtt-80_03-08-2026_195606,False,3G-Average,5,80,4.77604,4.96541,1829,0,125,104,45,19,30,14,41,22,0
en-5_dec-6_normal_dred-0_3G-Average_loss-70_rtt-900_03-08-2026_202103,False,3G-Average,70,900,0.883265,4.81187,224,0,1405,329,28,16,4,108,63,56,0
en-5_dec-6_normal_dred-0_3G-Average_loss-90_rtt-1200_03-08-2026_202151,False,3G-Average,90,1200,0.434783,4.77887,157,0,1863,109,5,0,0,17,20,8,0
en-5_dec-6_normal_dred-0_3G-Good_loss-0_rtt-50_03-08-2026_202240,False,3G-Good,0,50,4.9016,4.9843,2057,0,10,0,53,5,37,18,36,20,0
en-5_dec-6_normal_dred-0_3G-Good_loss-10_rtt-120_03-08-2026_202421,False,3G-Good,10,120,4.61674,4.95323,1542,0,241,173,29,1,28,88,46,68,0
en-5_dec-6_normal_dred-0_3G-Good_loss-15_rtt-160_03-08-2026_202512,False,3G-Good,15,160,4.42222,4.93884,1377,0,322,224,33,3,28,130,57,62,0
en-5_dec-6_normal_dred-0_3G-Good_loss-20_rtt-200_03-08-2026_202603,False,3G-Good,20,200,4.13271,4.92046,1264,0,430,300,51,10,16,71,44,43,0
en-5_dec-6_normal_dred-0_3G-Good_loss-30_rtt-300_03-08-2026_202654,False,3G-Good,30,300,3.65882,4.89393,953,0,637,378,29,28,8,90,63,55,0
en-5_dec-6_normal_dred-0_3G-Good_loss-40_rtt-400_03-08-2026_202744,False,3G-Good,40,400,3.16938,4.87158,649,0,804,372,34,29,20,136,113,93,0
en-5_dec-6_normal_dred-0_3G-Good_loss-50_rtt-600_03-08-2026_202833,False,3G-Good,50,600,2.4666,4.84648,358,0,1039,385,38,7,32,188,62,123,0
en-5_dec-6_normal_dred-0_3G-Good_loss-5_rtt-80_03-08-2026_202330,False,3G-Good,5,80,4.81382,4.97458,1873,0,104,78,30,6,34,29,44,40,0
en-5_dec-6_normal_dred-0_3G-Good_loss-70_rtt-900_03-08-2026_202921,False,3G-Good,70,900,0.844654,4.80417,200,0,1496,303,27,18,14,75,48,49,0
en-5_dec-6_normal_dred-0_3G-Good_loss-90_rtt-1200_03-08-2026_203010,False,3G-Good,90,1200,0.516667,4.78569,195,0,1820,151,15,3,24,10,29,0,0
en-5_dec-6_normal_dred-0_3G-Poor_loss-0_rtt-50_03-08-2026_203059,False,3G-Poor,0,50,4.74014,4.97391,1834,0,112,74,28,0,14,56,51,37,0
en-5_dec-6_normal_dred-0_3G-Poor_loss-10_rtt-120_03-08-2026_203236,False,3G-Poor,10,120,4.27993,4.93812,1375,0,314,213,47,3,28,103,49,91,0
en-5_dec-6_normal_dred-0_3G-Poor_loss-15_rtt-160_03-08-2026_203325,False,3G-Poor,15,160,4.02958,4.92218,1282,0,461,283,38,4,12,76,48,39,0
en-5_dec-6_normal_dred-0_3G-Poor_loss-20_rtt-200_03-08-2026_203414,False,3G-Poor,20,200,3.88722,4.90559,1055,0,553,326,45,5,24,137,48,52,0
en-5_dec-6_normal_dred-0_3G-Poor_loss-30_rtt-300_03-08-2026_203502,False,3G-Poor,30,300,3.50576,4.88546,782,0,719,395,28,6,4,141,74,69,0
en-5_dec-6_normal_dred-0_3G-Poor_loss-40_rtt-400_03-08-2026_203551,False,3G-Poor,40,400,2.86222,4.86219,529,0,933,404,22,9,16,135,118,73,0
en-5_dec-6_normal_dred-0_3G-Poor_loss-50_rtt-600_03-08-2026_203640,False,3G-Poor,50,600,2.33725,4.84225,268,0,1094,348,14,0,4,210,158,86,0
en-5_dec-6_normal_dred-0_3G-Poor_loss-5_rtt-80_03-08-2026_203147,False,3G-Poor,5,80,4.40403,4.95697,1648,0,207,148,39,3,29,60,50,48,0
en-5_dec-6_normal_dred-0_3G-Poor_loss-70_rtt-900_03-08-2026_203728,False,3G-Poor,70,900,0.469166,4.80768,162,0,1547,285,5,0,9,75,88,63,0
en-5_dec-6_normal_dred-0_3G-Poor_loss-90_rtt-1200_03-08-2026_203817,False,3G-Poor,90,1200,0.46757,4.78459,171,0,1854,110,2,0,10,47,29,13,0
en-5_dec-6_normal_dred-0_4G-Average_loss-0_rtt-50_03-08-2026_203907,False,4G-Average,0,50,4.93986,4.98655,2067,0,7,5,43,2,30,34,39,11,0
en-5_dec-6_normal_dred-0_4G-Average_loss-10_rtt-120_03-08-2026_204044,False,4G-Average,10,120,4.6816,4.96058,1706,0,207,167,23,0,21,70,30,20,0
en-5_dec-6_normal_dred-0_4G-Average_loss-15_rtt-160_03-08-2026_204133,False,4G-Average,15,160,4.47181,4.9433,1512,0,314,241,34,0,18,52,44,25,0
en-5_dec-6_normal_dred-0_4G-Average_loss-20_rtt-200_03-08-2026_204222,False,4G-Average,20,200,4.19979,4.93059,1317,0,411,271,22,6,16,98,38,62,0
en-5_dec-6_normal_dred-0_4G-Average_loss-30_rtt-300_03-08-2026_204311,False,4G-Average,30,300,3.59799,4.88626,849,0,745,406,28,4,10,95,53,52,0
en-5_dec-6_normal_dred-0_4G-Average_loss-40_rtt-400_03-08-2026_204400,False,4G-Average,40,400,3.35304,4.8784,620,0,802,383,15,0,10,146,69,129,0
en-5_dec-6_normal_dred-0_4G-Average_loss-50_rtt-600_03-08-2026_204448,False,4G-Average,50,600,4.99444,4.99782,2200,0,0,0,5,3,4,0,17,0,0
en-5_dec-6_normal_dred-0_4G-Average_loss-50_rtt-600_03-08-2026_204633,False,4G-Average,50,600,4.98819,4.99638,2207,0,1,0,14,0,0,0,17,0,0
en-5_dec-6_normal_dred-0_4G-Average_loss-50_rtt-600_03-08-2026_205225,False,4G-Average,50,600,2.66652,4.84993,346,0,1005,399,29,3,21,168,109,115,0
en-5_dec-6_normal_dred-0_4G-Average_loss-5_rtt-80_03-08-2026_203955,False,4G-Average,5,80,4.81319,4.97434,1835,0,128,93,15,3,18,51,43,57,0
en-5_dec-6_normal_dred-0_4G-Average_loss-70_rtt-900_03-08-2026_205313,False,4G-Average,70,900,0.533125,4.80782,159,0,1547,307,3,0,4,85,76,63,0
en-5_dec-6_normal_dred-0_4G-Average_loss-90_rtt-1200_03-08-2026_205402,False,4G-Average,90,1200,0.557153,4.78529,205,0,1832,149,12,0,4,0,24,10,0
en-5_dec-6_normal_dred-0_4G-Good_loss-0_rtt-50_03-08-2026_205451,False,4G-Good,0,50,4.96042,4.9913,2126,0,2,2,32,0,6,12,30,21,0
en-5_dec-6_normal_dred-0_4G-Good_loss-10_rtt-120_03-08-2026_152922,False,4G-Good,10,120,4.71222,4.96168,1680,0,208,161,19,0,8,49,52,44,0
en-5_dec-6_normal_dred-0_4G-Good_loss-15_rtt-160_03-08-2026_205629,False,4G-Good,15,160,4.51486,4.93683,1456,0,319,250,54,9,40,25,40,35,0
en-5_dec-6_normal_dred-0_4G-Good_loss-20_rtt-200_03-08-2026_205717,False,4G-Good,20,200,4.29924,4.92654,1317,0,413,279,46,6,32,39,45,46,0
en-5_dec-6_normal_dred-0_4G-Good_loss-30_rtt-300_03-08-2026_205807,False,4G-Good,30,300,3.64597,4.89395,888,0,682,362,20,11,16,115,62,77,0
en-5_dec-6_normal_dred-0_4G-Good_loss-40_rtt-400_03-08-2026_205858,False,4G-Good,40,400,3.0309,4.87447,709,0,811,350,28,23,34,137,100,54,0
en-5_dec-6_normal_dred-0_4G-Good_loss-50_rtt-600_03-08-2026_205949,False,4G-Good,50,600,2.50535,4.84582,339,0,1051,402,16,14,10,202,129,72,0
en-5_dec-6_normal_dred-0_4G-Good_loss-5_rtt-80_03-08-2026_205540,False,4G-Good,5,80,4.80201,4.96964,1866,0,132,117,34,4,26,32,28,11,0
en-5_dec-6_normal_dred-0_4G-Good_loss-70_rtt-900_03-08-2026_210040,False,4G-Good,70,900,0.845279,4.81228,232,0,1444,340,19,14,4,75,60,60,0
en-5_dec-6_normal_dred-0_4G-Good_loss-90_rtt-1200_03-08-2026_210131,False,4G-Good,90,1200,0.416667,4.78258,182,0,1856,151,12,0,0,6,35,0,0
en-5_dec-6_normal_dred-0_4G-Poor_loss-0_rtt-50_03-08-2026_210222,False,4G-Poor,0,50,4.85069,4.98127,1943,0,96,69,9,0,0,35,60,25,0
en-5_dec-6_normal_dred-0_4G-Poor_loss-10_rtt-120_03-08-2026_210404,False,4G-Poor,10,120,4.34847,4.95065,1617,0,293,201,18,6,10,32,38,23,0
en-5_dec-6_normal_dred-0_4G-Poor_loss-15_rtt-160_03-08-2026_210455,False,4G-Poor,15,160,4.29313,4.93726,1419,0,370,249,25,2,16,87,40,49,0
en-5_dec-6_normal_dred-0_4G-Poor_loss-20_rtt-200_03-08-2026_210546,False,4G-Poor,20,200,4.12257,4.92279,1237,0,478,292,20,3,16,97,58,37,0
en-5_dec-6_normal_dred-0_4G-Poor_loss-20_rtt-200_03-08-2026_211825,False,4G-Poor,20,200,4.00389,4.91935,1192,0,478,299,25,6,10,117,39,48,0
en-5_dec-6_normal_dred-0_4G-Poor_loss-30_rtt-300_03-08-2026_211915,False,4G-Poor,30,300,3.33746,4.89232,713,0,676,301,12,8,8,218,105,152,0
en-5_dec-6_normal_dred-0_4G-Poor_loss-40_rtt-400_03-08-2026_212006,False,4G-Poor,40,400,2.99882,4.86181,536,0,956,428,8,6,2,160,84,56,0
en-5_dec-6_normal_dred-0_4G-Poor_loss-50_rtt-600_03-08-2026_212057,False,4G-Poor,50,600,2.1941,4.83779,212,0,1162,372,17,2,6,227,82,164,0
en-5_dec-6_normal_dred-0_4G-Poor_loss-5_rtt-80_03-08-2026_210313,False,4G-Poor,5,80,4.61979,4.96521,1762,0,197,137,17,0,2,42,38,34,0
en-5_dec-6_normal_dred-0_4G-Poor_loss-70_rtt-900_03-08-2026_212147,False,4G-Poor,70,900,0.695508,4.80982,142,0,1458,331,9,0,2,95,79,69,0
en-5_dec-6_normal_dred-0_4G-Poor_loss-90_rtt-1200_03-08-2026_212238,False,4G-Poor,90,1200,0.416667,4.78088,149,0,1873,124,12,0,10,28,45,3,0
en-5_dec-6_normal_dred-0_5G-Average_loss-0_rtt-50_03-08-2026_212329,False,5G-Average,0,50,4.98889,4.99694,2200,0,0,0,8,4,8,0,17,0,0
en-5_dec-6_normal_dred-0_5G-Average_loss-0_rtt-50_03-08-2026_212658,False,5G-Average,0,50,4.97375,4.99391,2112,0,2,2,18,3,29,5,38,26,0
en-5_dec-6_normal_dred-0_5G-Average_loss-10_rtt-120_03-08-2026_162623,False,5G-Average,10,120,4.65097,4.95208,1620,0,221,172,53,0,16,58,52,48,0
en-5_dec-6_normal_dred-0_5G-Average_loss-15_rtt-160_03-08-2026_162713,False,5G-Average,15,160,4.55389,4.94425,1424,0,326,233,13,3,25,102,52,75,0
en-5_dec-6_normal_dred-0_5G-Average_loss-20_rtt-200_03-08-2026_162803,False,5G-Average,20,200,4.30972,4.92612,1203,0,425,256,29,0,0,156,71,100,0
en-5_dec-6_normal_dred-0_5G-Average_loss-30_rtt-300_03-08-2026_162853,False,5G-Average,30,300,3.68868,4.89482,807,0,706,389,0,0,0,166,72,100,0
en-5_dec-6_normal_dred-0_5G-Average_loss-40_rtt-400_03-08-2026_162943,False,5G-Average,40,400,3.17118,4.86934,605,0,870,416,16,13,0,122,93,88,0
en-5_dec-6_normal_dred-0_5G-Average_loss-50_rtt-600_03-08-2026_163033,False,5G-Average,50,600,2.66417,4.85248,429,0,1013,401,14,14,10,155,137,62,0
en-5_dec-6_normal_dred-0_5G-Average_loss-5_rtt-80_03-08-2026_162532,False,5G-Average,5,80,4.85799,4.9763,1868,0,107,94,22,0,12,33,32,28,0
en-5_dec-6_normal_dred-0_5G-Average_loss-70_rtt-900_03-08-2026_163123,False,5G-Average,70,900,0.734167,4.80809,213,0,1497,310,7,12,0,98,68,25,0
en-5_dec-6_normal_dred-0_5G-Average_loss-90_rtt-1200_03-08-2026_163212,False,5G-Average,90,1200,0.489653,4.78391,151,0,1833,152,9,0,20,31,21,14,0
en-5_dec-6_normal_dred-0_5G-Good_loss-0_rtt-50_03-08-2026_163301,False,5G-Good,0,50,4.95521,4.98857,2088,0,15,0,39,0,61,10,27,0,0
en-5_dec-6_normal_dred-0_5G-Good_loss-10_rtt-120_03-08-2026_163440,False,5G-Good,10,120,4.67639,4.95851,1696,0,217,162,17,15,18,41,46,26,0
en-5_dec-6_normal_dred-0_5G-Good_loss-15_rtt-160_03-08-2026_163530,False,5G-Good,15,160,4.48431,4.93334,1368,0,342,241,42,13,30,98,43,59,0
en-5_dec-6_normal_dred-0_5G-Good_loss-20_rtt-200_03-08-2026_163619,False,5G-Good,20,200,4.2884,4.92207,1201,0,457,296,32,0,28,124,43,57,0
en-5_dec-6_normal_dred-0_5G-Good_loss-30_rtt-300_03-08-2026_163708,False,5G-Good,30,300,3.94028,4.89805,795,0,642,350,15,2,2,207,61,160,0
en-5_dec-6_normal_dred-0_5G-Good_loss-40_rtt-400_03-08-2026_163758,False,5G-Good,40,400,3.19938,4.87359,492,0,837,387,15,3,52,203,103,142,0
en-5_dec-6_normal_dred-0_5G-Good_loss-50_rtt-600_03-08-2026_163848,False,5G-Good,50,600,2.59125,4.84924,435,0,1014,391,21,26,2,162,126,69,0
en-5_dec-6_normal_dred-0_5G-Good_loss-5_rtt-80_03-08-2026_163350,False,5G-Good,5,80,4.82972,4.97527,1915,0,111,88,29,0,10,18,48,15,0
en-5_dec-6_normal_dred-0_5G-Good_loss-70_rtt-900_03-08-2026_212748,False,5G-Good,70,900,0.681598,4.81021,213,0,1505,341,11,3,10,71,63,36,0
en-5_dec-6_normal_dred-0_5G-Good_loss-90_rtt-1200_03-08-2026_164023,False,5G-Good,90,1200,0.556597,4.78488,191,0,1848,133,6,3,0,19,29,17,0
en-5_dec-6_normal_dred-0_5G-Poor_loss-0_rtt-50_03-08-2026_212839,False,5G-Poor,0,50,4.90542,4.98346,1991,0,74,61,13,3,5,23,43,27,0
en-5_dec-6_normal_dred-0_5G-Poor_loss-10_rtt-120_03-08-2026_212930,False,5G-Poor,10,120,4.61264,4.95299,1600,0,267,213,17,2,10,54,45,30,0
en-5_dec-6_normal_dred-0_5G-Poor_loss-15_rtt-160_03-08-2026_164334,False,5G-Poor,15,160,4.41306,4.94155,1445,0,339,245,22,6,30,47,55,47,0
en-5_dec-6_normal_dred-0_5G-Poor_loss-20_rtt-200_03-08-2026_164421,False,5G-Poor,20,200,4.10778,4.91824,1162,0,516,323,14,0,12,123,54,38,0
en-5_dec-6_normal_dred-0_5G-Poor_loss-30_rtt-300_03-08-2026_164509,False,5G-Poor,30,300,3.81854,4.89205,793,0,677,370,33,0,25,176,70,115,0
en-5_dec-6_normal_dred-0_5G-Poor_loss-40_rtt-400_03-08-2026_164557,False,5G-Poor,40,400,3.15431,4.86656,573,0,919,431,14,0,8,146,89,60,0
en-5_dec-6_normal_dred-0_5G-Poor_loss-50_rtt-600_03-08-2026_164645,False,5G-Poor,50,600,2.32,4.8502,282,0,1059,332,5,0,10,236,185,116,0
en-5_dec-6_normal_dred-0_5G-Poor_loss-5_rtt-80_03-08-2026_164159,False,5G-Poor,5,80,4.67153,4.9649,1761,0,166,127,33,2,10,41,51,41,0
en-5_dec-6_normal_dred-0_5G-Poor_loss-70_rtt-900_03-08-2026_164733,False,5G-Poor,70,900,0.896043,4.81241,191,0,1437,333,14,13,6,101,85,61,0
en-5_dec-6_normal_dred-0_5G-Poor_loss-90_rtt-1200_03-08-2026_164822,False,5G-Poor,90,1200,0.495417,4.78083,146,0,1895,111,0,0,0,43,36,9,0
en-5_dec-6_normal_dred-0_Cable_loss-0_rtt-50_03-08-2026_164910,False,Cable,0,50,4.97076,4.99307,2104,0,5,0,9,11,11,29,26,35,0
en-5_dec-6_normal_dred-0_Cable_loss-10_rtt-120_03-08-2026_165045,False,Cable,10,120,4.73,4.95697,1598,0,193,147,43,0,34,93,44,78,0
en-5_dec-6_normal_dred-0_Cable_loss-15_rtt-160_03-08-2026_165133,False,Cable,15,160,4.47701,4.94231,1484,0,317,230,35,3,14,54,41,53,0
en-5_dec-6_normal_dred-0_Cable_loss-20_rtt-200_03-08-2026_165221,False,Cable,20,200,4.38903,4.92919,1318,0,397,274,34,9,30,84,44,52,0
en-5_dec-6_normal_dred-0_Cable_loss-30_rtt-300_03-08-2026_165308,False,Cable,30,300,3.66111,4.88891,819,0,691,350,23,18,20,167,69,79,0
en-5_dec-6_normal_dred-0_Cable_loss-40_rtt-400_03-08-2026_165356,False,Cable,40,400,3.42153,4.87872,661,0,786,370,34,9,61,152,34,135,0
en-5_dec-6_normal_dred-0_Cable_loss-50_rtt-600_03-08-2026_213021,False,Cable,50,600,2.74867,4.85523,431,0,1008,380,34,15,48,152,158,106,0
en-5_dec-6_normal_dred-0_Cable_loss-5_rtt-80_03-08-2026_164958,False,Cable,5,80,4.86597,4.97871,1893,0,105,84,11,0,8,50,46,32,0
en-5_dec-6_normal_dred-0_Cable_loss-70_rtt-900_03-08-2026_165533,False,Cable,70,900,0.945556,4.80863,220,0,1482,336,15,9,4,84,49,32,0
en-5_dec-6_normal_dred-0_Cable_loss-90_rtt-1200_03-08-2026_165621,False,Cable,90,1200,0.430972,4.78625,195,0,1820,152,0,3,0,14,20,14,0
en-5_dec-6_normal_dred-0_DSL_loss-0_rtt-50_03-08-2026_165708,False,DSL,0,50,4.96278,4.98896,2078,0,15,0,30,3,18,36,14,29,0
en-5_dec-6_normal_dred-0_DSL_loss-10_rtt-120_03-08-2026_165844,False,DSL,10,120,4.61549,4.94938,1621,0,246,172,46,5,29,83,27,20,0
en-5_dec-6_normal_dred-0_DSL_loss-15_rtt-160_03-08-2026_165932,False,DSL,15,160,4.61729,4.9466,1539,0,285,210,35,3,26,63,39,38,0
en-5_dec-6_normal_dred-0_DSL_loss-20_rtt-200_03-08-2026_170020,False,DSL,20,200,4.28194,4.9206,1190,0,454,292,41,3,22,109,45,84,0
en-5_dec-6_normal_dred-0_DSL_loss-30_rtt-300_03-08-2026_170107,False,DSL,30,300,3.73708,4.8944,918,0,664,378,32,2,25,109,42,44,0
en-5_dec-6_normal_dred-0_DSL_loss-40_rtt-400_03-08-2026_170155,False,DSL,40,400,3.14236,4.86644,570,0,884,404,29,9,31,163,60,94,0
en-5_dec-6_normal_dred-0_DSL_loss-50_rtt-600_03-08-2026_170243,False,DSL,50,600,2.52646,4.84815,374,0,1047,388,24,11,4,153,136,103,0
en-5_dec-6_normal_dred-0_DSL_loss-5_rtt-80_03-08-2026_165756,False,DSL,5,80,4.81764,4.97095,1853,0,127,107,31,6,50,20,38,0,0
en-5_dec-6_normal_dred-0_DSL_loss-70_rtt-900_03-08-2026_170331,False,DSL,70,900,0.568612,4.80539,162,0,1490,319,22,9,10,63,70,63,0
en-5_dec-6_normal_dred-0_DSL_loss-90_rtt-1200_03-08-2026_213112,False,DSL,90,1200,0.416667,4.77771,125,0,1908,141,8,0,10,6,27,11,0
en-5_dec-6_normal_dred-0_Edge-Average_loss-0_rtt-50_03-08-2026_170506,False,Edge-Average,0,50,4.45215,4.94624,1538,0,41,0,157,19,148,186,67,80,0
en-5_dec-6_normal_dred-0_Edge-Average_loss-10_rtt-120_03-08-2026_170641,False,Edge-Average,10,120,4.30569,4.9281,1333,0,266,147,93,26,84,181,68,58,0
en-5_dec-6_normal_dred-0_Edge-Average_loss-15_rtt-160_03-08-2026_170729,False,Edge-Average,15,160,4.08271,4.91892,1120,0,381,212,79,11,117,156,80,77,0
en-5_dec-6_normal_dred-0_Edge-Average_loss-20_rtt-200_03-08-2026_170820,False,Edge-Average,20,200,4.13111,4.91653,1110,0,417,244,54,22,69,146,111,65,0
en-5_dec-6_normal_dred-0_Edge-Average_loss-30_rtt-300_03-08-2026_170908,False,Edge-Average,30,300,3.4659,4.88326,759,0,702,312,44,27,28,145,117,115,0
en-5_dec-6_normal_dred-0_Edge-Average_loss-40_rtt-400_03-08-2026_170956,False,Edge-Average,40,400,3.06528,4.86393,498,0,859,353,38,18,20,204,127,123,0
en-5_dec-6_normal_dred-0_Edge-Average_loss-50_rtt-600_03-08-2026_171044,False,Edge-Average,50,600,2.53577,4.8466,381,0,1023,366,40,12,22,176,147,71,0
en-5_dec-6_normal_dred-0_Edge-Average_loss-5_rtt-80_03-08-2026_170554,False,Edge-Average,5,80,4.47444,4.94248,1382,0,151,86,107,13,153,196,65,93,0
en-5_dec-6_normal_dred-0_Edge-Average_loss-70_rtt-900_03-08-2026_171132,False,Edge-Average,70,900,0.818403,4.80491,205,0,1528,322,22,5,6,54,47,43,0
en-5_dec-6_normal_dred-0_Edge-Average_loss-90_rtt-1200_03-08-2026_171220,False,Edge-Average,90,1200,0.540417,4.78427,180,0,1808,143,12,8,0,42,29,12,0
en-5_dec-6_normal_dred-0_Edge-Good_loss-0_rtt-50_03-08-2026_171307,False,Edge-Good,0,50,4.54632,4.95286,1585,0,45,2,138,16,159,137,69,89,0
en-5_dec-6_normal_dred-0_Edge-Good_loss-10_rtt-120_03-08-2026_171442,False,Edge-Good,10,120,4.27243,4.93545,1379,0,255,149,96,4,80,122,67,82,0
en-5_dec-6_normal_dred-0_Edge-Good_loss-15_rtt-160_03-08-2026_171531,False,Edge-Good,15,160,4.06882,4.91609,1182,0,310,185,134,10,115,154,81,63,0
en-5_dec-6_normal_dred-0_Edge-Good_loss-20_rtt-200_03-08-2026_171619,False,Edge-Good,20,200,4.03493,4.91467,1130,0,413,239,82,6,51,164,46,94,0
en-5_dec-6_normal_dred-0_Edge-Good_loss-30_rtt-300_03-08-2026_171706,False,Edge-Good,30,300,3.68889,4.8891,778,0,624,334,50,20,28,159,129,103,0
en-5_dec-6_normal_dred-0_Edge-Good_loss-40_rtt-400_03-08-2026_171754,False,Edge-Good,40,400,3.0432,4.86056,473,0,894,358,31,18,26,215,141,84,0
en-5_dec-6_normal_dred-0_Edge-Good_loss-50_rtt-600_03-08-2026_171846,False,Edge-Good,50,600,2.60132,4.84641,341,0,1024,341,36,16,19,187,185,91,0
en-5_dec-6_normal_dred-0_Edge-Good_loss-5_rtt-80_03-08-2026_171355,False,Edge-Good,5,80,4.46972,4.94731,1573,0,137,84,103,13,83,140,61,40,0
en-5_dec-6_normal_dred-0_Edge-Good_loss-70_rtt-900_03-08-2026_213203,False,Edge-Good,70,900,0.660765,4.80689,176,0,1506,329,14,6,12,91,66,36,0
en-5_dec-6_normal_dred-0_Edge-Good_loss-90_rtt-1200_03-08-2026_172021,False,Edge-Good,90,1200,0.538056,4.78155,152,0,1856,120,9,5,6,42,25,21,0
en-5_dec-6_normal_dred-0_Edge-Lossy_loss-0_rtt-50_03-08-2026_172109,False,Edge-Lossy,0,50,4.5259,4.94767,1563,0,61,15,145,16,146,156,81,51,0
en-5_dec-6_normal_dred-0_Edge-Lossy_loss-10_rtt-120_03-08-2026_172247,False,Edge-Lossy,10,120,4.38597,4.93484,1268,0,295,162,60,10,114,177,66,88,0
en-5_dec-6_normal_dred-0_Edge-Lossy_loss-15_rtt-160_03-08-2026_172335,False,Edge-Lossy,15,160,4.20625,4.91882,1124,0,376,219,80,14,117,157,73,85,0
en-5_dec-6_normal_dred-0_Edge-Lossy_loss-20_rtt-200_03-08-2026_172424,False,Edge-Lossy,20,200,4.03403,4.90982,1012,0,436,227,60,28,90,207,105,71,0
en-5_dec-6_normal_dred-0_Edge-Lossy_loss-30_rtt-300_03-08-2026_172512,False,Edge-Lossy,30,300,3.64632,4.88415,808,0,620,302,56,41,20,186,130,71,0
en-5_dec-6_normal_dred-0_Edge-Lossy_loss-40_rtt-400_03-08-2026_172601,False,Edge-Lossy,40,400,3.2116,4.86301,497,0,848,360,35,28,34,209,110,112,0
en-5_dec-6_normal_dred-0_Edge-Lossy_loss-50_rtt-600_03-08-2026_172649,False,Edge-Lossy,50,600,2.7182,4.84502,318,0,1045,387,30,13,14,166,151,106,0
en-5_dec-6_normal_dred-0_Edge-Lossy_loss-5_rtt-80_03-08-2026_172159,False,Edge-Lossy,5,80,4.37667,4.93221,1381,0,171,85,144,21,139,147,56,87,0
en-5_dec-6_normal_dred-0_Edge-Lossy_loss-70_rtt-900_03-08-2026_172737,False,Edge-Lossy,70,900,0.607292,4.80399,198,0,1530,286,21,9,4,77,62,42,0
en-5_dec-6_normal_dred-0_Edge-Lossy_loss-90_rtt-1200_03-08-2026_172824,False,Edge-Lossy,90,1200,0.416667,4.77636,134,0,1868,117,22,0,1,26,30,10,0
en-5_dec-6_normal_dred-0_Wifi-Average_loss-0_rtt-50_03-08-2026_172912,False,Wifi-Average,0,50,4.68833,4.9599,1797,0,27,4,124,20,106,86,40,34,0
en-5_dec-6_normal_dred-0_Wifi-Average_loss-10_rtt-120_03-08-2026_173046,False,Wifi-Average,10,120,4.66153,4.95564,1649,0,229,188,30,3,22,39,54,21,0
en-5_dec-6_normal_dred-0_Wifi-Average_loss-15_rtt-160_03-08-2026_213254,False,Wifi-Average,15,160,4.53319,4.93937,1409,0,330,243,34,6,24,57,53,73,0
en-5_dec-6_normal_dred-0_Wifi-Average_loss-20_rtt-200_03-08-2026_173223,False,Wifi-Average,20,200,4.35,4.92874,1256,0,431,312,13,0,6,88,56,42,0
en-5_dec-6_normal_dred-0_Wifi-Average_loss-30_rtt-300_03-08-2026_173312,False,Wifi-Average,30,300,3.80167,4.88896,789,0,670,396,49,0,56,112,43,91,0
en-5_dec-6_normal_dred-0_Wifi-Average_loss-40_rtt-400_03-08-2026_173359,False,Wifi-Average,40,400,3.14361,4.86755,638,0,871,420,20,19,4,123,92,49,0
en-5_dec-6_normal_dred-0_Wifi-Average_loss-50_rtt-600_03-08-2026_173447,False,Wifi-Average,50,600,2.18042,4.84468,372,0,1072,366,27,8,0,196,112,83,0
en-5_dec-6_normal_dred-0_Wifi-Average_loss-5_rtt-80_03-08-2026_172959,False,Wifi-Average,5,80,4.85569,4.97683,1924,0,94,75,20,11,10,30,47,27,0
en-5_dec-6_normal_dred-0_Wifi-Average_loss-70_rtt-900_03-08-2026_173534,False,Wifi-Average,70,900,0.736945,4.81036,207,0,1470,326,10,12,0,78,80,47,0
en-5_dec-6_normal_dred-0_Wifi-Average_loss-90_rtt-1200_03-08-2026_213345,False,Wifi-Average,90,1200,0.416667,4.77429,115,0,1924,120,12,0,8,10,17,13,0
en-5_dec-6_normal_dred-0_Wifi-Good_loss-0_rtt-50_03-08-2026_173710,False,Wifi-Good,0,50,4.9625,4.99154,2091,0,8,2,25,0,18,17,51,27,0
en-5_dec-6_normal_dred-0_Wifi-Good_loss-10_rtt-120_03-08-2026_173845,False,Wifi-Good,10,120,4.67062,4.9538,1608,0,225,175,40,7,58,43,35,45,0
en-5_dec-6_normal_dred-0_Wifi-Good_loss-15_rtt-160_03-08-2026_173933,False,Wifi-Good,15,160,4.50056,4.93859,1384,0,339,239,20,18,51,76,39,68,0
en-5_dec-6_normal_dred-0_Wifi-Good_loss-20_rtt-200_03-08-2026_174020,False,Wifi-Good,20,200,4.35368,4.92568,1246,0,407,275,35,12,30,102,54,68,0
en-5_dec-6_normal_dred-0_Wifi-Good_loss-30_rtt-300_03-08-2026_174108,False,Wifi-Good,30,300,3.76188,4.89728,920,0,644,388,38,0,66,72,55,44,0
en-5_dec-6_normal_dred-0_Wifi-Good_loss-40_rtt-400_03-08-2026_174156,False,Wifi-Good,40,400,3.36229,4.87423,512,0,828,377,25,2,52,183,102,158,0
en-5_dec-6_normal_dred-0_Wifi-Good_loss-50_rtt-600_03-08-2026_174244,False,Wifi-Good,50,600,2.64153,4.85329,382,0,992,341,14,13,4,242,153,91,0
en-5_dec-6_normal_dred-0_Wifi-Good_loss-5_rtt-80_03-08-2026_173757,False,Wifi-Good,5,80,4.85882,4.97487,1918,0,113,96,22,5,2,25,48,9,0
en-5_dec-6_normal_dred-0_Wifi-Good_loss-70_rtt-900_03-08-2026_174332,False,Wifi-Good,70,900,0.87757,4.81376,176,0,1473,323,0,0,0,122,96,52,0
en-5_dec-6_normal_dred-0_Wifi-Good_loss-90_rtt-1200_03-08-2026_174420,False,Wifi-Good,90,1200,0.514583,4.77573,164,0,1856,117,20,23,6,10,25,6,0
en-5_dec-6_normal_dred-0_Wifi-Poor_loss-0_rtt-50_03-08-2026_213436,False,Wifi-Poor,0,50,4.97021,4.99261,2119,0,6,4,17,6,20,14,36,23,0
en-5_dec-6_normal_dred-0_Wifi-Poor_loss-10_rtt-120_03-08-2026_174643,False,Wifi-Poor,10,120,4.64222,4.95903,1718,0,204,152,32,3,6,60,43,24,0
en-5_dec-6_normal_dred-0_Wifi-Poor_loss-15_rtt-160_03-08-2026_174730,False,Wifi-Poor,15,160,4.54604,4.94189,1520,0,278,224,45,16,24,47,44,27,0
en-5_dec-6_normal_dred-0_Wifi-Poor_loss-20_rtt-200_03-08-2026_174818,False,Wifi-Poor,20,200,4.37236,4.93413,1351,0,369,260,32,5,32,78,52,55,0
en-5_dec-6_normal_dred-0_Wifi-Poor_loss-30_rtt-300_03-08-2026_213527,False,Wifi-Poor,30,300,3.78507,4.8929,838,0,676,364,30,0,8,136,58,102,0
en-5_dec-6_normal_dred-0_Wifi-Poor_loss-40_rtt-400_03-08-2026_174953,False,Wifi-Poor,40,400,3.40715,4.87822,683,0,808,381,30,3,61,140,51,86,0
en-5_dec-6_normal_dred-0_Wifi-Poor_loss-50_rtt-600_03-08-2026_175041,False,Wifi-Poor,50,600,2.62868,4.84897,292,0,1056,380,13,0,6,216,158,117,0
en-5_dec-6_normal_dred-0_Wifi-Poor_loss-5_rtt-80_03-08-2026_174555,False,Wifi-Poor,5,80,4.89222,4.98144,1959,0,71,59,21,0,2,48,51,25,0
en-5_dec-6_normal_dred-0_Wifi-Poor_loss-70_rtt-900_03-08-2026_175128,False,Wifi-Poor,70,900,1.12604,4.8203,255,0,1400,314,6,6,8,100,88,59,0
en-5_dec-6_normal_dred-0_Wifi-Poor_loss-90_rtt-1200_03-08-2026_175216,False,Wifi-Poor,90,1200,0.418056,4.78269,164,0,1865,107,0,0,0,45,24,16,0
en-5_dec-6_plc_dred-0_2G-DevelopingRural_loss-0_rtt-50_03-08-2026_105822,True,2G-DevelopingRural,0,50,3.20111,4.87075,613,1058,0,0,0,0,0,149,174,235,0
en-5_dec-6_plc_dred-0_2G-DevelopingRural_loss-10_rtt-120_03-08-2026_110002,True,2G-DevelopingRural,10,120,2.33236,4.85377,561,1209,0,0,0,0,0,118,159,155,0
en-5_dec-6_plc_dred-0_2G-DevelopingRural_loss-15_rtt-160_03-08-2026_110050,True,2G-DevelopingRural,15,160,2.5382,4.85481,577,1220,1,0,0,0,0,132,147,167,0
en-5_dec-6_plc_dred-0_2G-DevelopingRural_loss-20_rtt-200_03-08-2026_110140,True,2G-DevelopingRural,20,200,2.0466,4.84517,583,1338,0,0,0,0,0,49,139,128,0
en-5_dec-6_plc_dred-0_2G-DevelopingRural_loss-30_rtt-300_03-08-2026_110229,True,2G-DevelopingRural,30,300,1.70583,4.83693,529,1399,2,0,0,0,0,73,109,114,0
en-5_dec-6_plc_dred-0_2G-DevelopingRural_loss-40_rtt-400_03-08-2026_110319,True,2G-DevelopingRural,40,400,0.846875,4.82194,487,1556,0,0,0,0,0,40,78,68,0
en-5_dec-6_plc_dred-0_2G-DevelopingRural_loss-50_rtt-600_03-08-2026_110408,True,2G-DevelopingRural,50,600,0.61875,4.81341,457,1636,0,0,3,0,4,17,52,54,0
en-5_dec-6_plc_dred-0_2G-DevelopingRural_loss-5_rtt-80_03-08-2026_105912,True,2G-DevelopingRural,5,80,2.79438,4.86192,535,1121,0,0,3,0,0,164,187,217,0
en-5_dec-6_plc_dred-0_2G-DevelopingRural_loss-70_rtt-900_03-08-2026_110457,True,2G-DevelopingRural,70,900,0.416667,4.79365,330,1820,0,0,0,0,0,17,32,22,0
en-5_dec-6_plc_dred-0_2G-DevelopingRural_loss-90_rtt-1200_03-08-2026_110546,True,2G-DevelopingRural,90,1200,0.558681,4.78058,230,1966,0,0,0,0,0,0,57,0,0
en-5_dec-6_plc_dred-0_2G-DevelopingUrban_loss-0_rtt-50_03-08-2026_110635,True,2G-DevelopingUrban,0,50,3.54104,4.91703,851,497,1,0,6,7,18,409,251,183,0
en-5_dec-6_plc_dred-0_2G-DevelopingUrban_loss-10_rtt-120_03-08-2026_110813,True,2G-DevelopingUrban,10,120,3.45299,4.90424,688,611,0,0,7,5,2,405,334,203,0
en-5_dec-6_plc_dred-0_2G-DevelopingUrban_loss-15_rtt-160_03-08-2026_110902,True,2G-DevelopingUrban,15,160,3.9025,4.91086,671,551,0,0,0,0,0,425,351,221,0
en-5_dec-6_plc_dred-0_2G-DevelopingUrban_loss-20_rtt-200_03-08-2026_110952,True,2G-DevelopingUrban,20,200,3.45368,4.89662,627,689,0,0,3,8,0,392,274,238,0
en-5_dec-6_plc_dred-0_2G-DevelopingUrban_loss-30_rtt-300_03-08-2026_111041,True,2G-DevelopingUrban,30,300,3.14361,4.88364,628,883,0,0,0,0,4,268,283,183,0
en-5_dec-6_plc_dred-0_2G-DevelopingUrban_loss-40_rtt-400_03-08-2026_111130,True,2G-DevelopingUrban,40,400,2.89146,4.86751,535,1028,0,0,0,0,0,258,224,174,0
en-5_dec-6_plc_dred-0_2G-DevelopingUrban_loss-50_rtt-600_03-08-2026_111220,True,2G-DevelopingUrban,50,600,2.14375,4.85125,593,1238,0,0,4,3,0,133,159,117,0
en-5_dec-6_plc_dred-0_2G-DevelopingUrban_loss-5_rtt-80_03-08-2026_110724,True,2G-DevelopingUrban,5,80,3.49375,4.89083,803,665,0,0,37,38,24,299,233,148,0
en-5_dec-6_plc_dred-0_2G-DevelopingUrban_loss-70_rtt-900_03-08-2026_111309,True,2G-DevelopingUrban,70,900,0.616389,4.81748,447,1588,0,0,0,0,0,50,75,63,0
en-5_dec-6_plc_dred-0_2G-DevelopingUrban_loss-90_rtt-1200_03-08-2026_111358,True,2G-DevelopingUrban,90,1200,0.416667,4.78249,249,1918,0,0,5,0,12,4,31,6,0
en-5_dec-6_plc_dred-0_3G-Average_loss-0_rtt-50_03-08-2026_111448,True,3G-Average,0,50,4.93424,4.98975,2099,10,0,0,30,0,8,31,47,13,0
en-5_dec-6_plc_dred-0_3G-Average_loss-10_rtt-120_03-08-2026_111627,True,3G-Average,10,120,4.67347,4.95695,1753,221,0,0,45,21,66,48,58,17,0
en-5_dec-6_plc_dred-0_3G-Average_loss-15_rtt-160_03-08-2026_111716,True,3G-Average,15,160,4.49597,4.94325,1582,339,0,0,56,3,56,90,56,39,0
en-5_dec-6_plc_dred-0_3G-Average_loss-20_rtt-200_03-08-2026_111805,True,3G-Average,20,200,4.28917,4.92745,1409,429,0,0,72,9,81,97,68,52,0
en-5_dec-6_plc_dred-0_3G-Average_loss-30_rtt-300_03-08-2026_111854,True,3G-Average,30,300,3.95792,4.91117,1207,643,0,0,27,11,58,150,81,61,0
en-5_dec-6_plc_dred-0_3G-Average_loss-40_rtt-400_03-08-2026_111943,True,3G-Average,40,400,3.51104,4.89135,993,845,0,0,16,8,12,131,149,90,0
en-5_dec-6_plc_dred-0_3G-Average_loss-50_rtt-600_03-08-2026_112033,True,3G-Average,50,600,3.04576,4.87288,752,979,1,0,18,3,14,191,157,107,0
en-5_dec-6_plc_dred-0_3G-Average_loss-5_rtt-80_03-08-2026_111538,True,3G-Average,5,80,4.78604,4.9672,1825,118,0,0,60,9,63,61,59,32,0
en-5_dec-6_plc_dred-0_3G-Average_loss-70_rtt-900_03-08-2026_112122,True,3G-Average,70,900,0.989583,4.83503,527,1396,0,0,0,0,0,108,109,74,0
en-5_dec-6_plc_dred-0_3G-Average_loss-90_rtt-1200_03-08-2026_112211,True,3G-Average,90,1200,0.418542,4.78821,294,1869,0,0,2,0,9,15,21,13,0
en-5_dec-6_plc_dred-0_3G-Good_loss-0_rtt-50_03-08-2026_112301,True,3G-Good,0,50,4.92313,4.98758,2048,12,0,0,34,6,20,21,52,38,0
en-5_dec-6_plc_dred-0_3G-Good_loss-10_rtt-120_03-08-2026_185145,True,3G-Good,10,120,4.58514,4.93515,1588,231,1,0,142,18,149,48,39,16,0
en-5_dec-6_plc_dred-0_3G-Good_loss-15_rtt-160_03-08-2026_112529,True,3G-Good,15,160,4.61278,4.95056,1682,310,0,0,20,22,24,89,50,26,0
en-5_dec-6_plc_dred-0_3G-Good_loss-20_rtt-200_03-08-2026_112618,True,3G-Good,20,200,4.32458,4.93293,1499,424,0,0,54,5,42,106,60,33,0
en-5_dec-6_plc_dred-0_3G-Good_loss-30_rtt-300_03-08-2026_112707,True,3G-Good,30,300,3.76472,4.90272,1180,633,0,0,56,20,6,158,84,86,0
en-5_dec-6_plc_dred-0_3G-Good_loss-40_rtt-400_03-08-2026_112756,True,3G-Good,40,400,3.38514,4.88878,972,786,0,0,32,17,2,183,150,77,0
en-5_dec-6_plc_dred-0_3G-Good_loss-50_rtt-600_03-08-2026_112845,True,3G-Good,50,600,2.98208,4.86816,736,971,0,0,9,28,2,229,155,84,0
en-5_dec-6_plc_dred-0_3G-Good_loss-5_rtt-80_03-08-2026_112350,True,3G-Good,5,80,4.82319,4.97839,1919,114,0,0,18,7,29,43,50,32,0
en-5_dec-6_plc_dred-0_3G-Good_loss-70_rtt-900_03-08-2026_112935,True,3G-Good,70,900,1.07632,4.83232,504,1452,0,0,0,0,0,95,126,82,0
en-5_dec-6_plc_dred-0_3G-Good_loss-90_rtt-1200_03-08-2026_113025,True,3G-Good,90,1200,0.416667,4.78348,278,1919,0,0,2,0,0,4,21,3,0
en-5_dec-6_plc_dred-0_3G-Poor_loss-0_rtt-50_03-08-2026_115015,True,3G-Poor,0,50,4.75958,4.97275,1883,147,0,0,24,4,29,76,60,28,0
en-5_dec-6_plc_dred-0_3G-Poor_loss-10_rtt-120_03-08-2026_115156,True,3G-Poor,10,120,4.49132,4.94387,1597,324,0,0,51,6,38,144,58,41,0
en-5_dec-6_plc_dred-0_3G-Poor_loss-15_rtt-160_03-08-2026_115246,True,3G-Poor,15,160,4.44799,4.9398,1485,389,0,0,34,3,47,153,53,57,0
en-5_dec-6_plc_dred-0_3G-Poor_loss-20_rtt-200_03-08-2026_115336,True,3G-Poor,20,200,4.13049,4.92817,1393,521,0,0,19,6,8,124,82,64,0
en-5_dec-6_plc_dred-0_3G-Poor_loss-30_rtt-300_03-08-2026_115427,True,3G-Poor,30,300,3.81576,4.90212,1138,690,0,0,38,13,28,143,131,55,0
en-5_dec-6_plc_dred-0_3G-Poor_loss-40_rtt-400_03-08-2026_115515,True,3G-Poor,40,400,3.47833,4.87964,821,878,0,0,23,17,6,221,172,107,0
en-5_dec-6_plc_dred-0_3G-Poor_loss-50_rtt-600_03-08-2026_115604,True,3G-Poor,50,600,3.06146,4.86725,647,1039,0,0,15,0,6,221,176,142,0
en-5_dec-6_plc_dred-0_3G-Poor_loss-5_rtt-80_03-08-2026_115106,True,3G-Poor,5,80,4.66611,4.95951,1724,233,0,0,35,0,24,120,59,45,0
en-5_dec-6_plc_dred-0_3G-Poor_loss-70_rtt-900_03-08-2026_115653,True,3G-Poor,70,900,0.986111,4.83044,489,1457,0,0,0,0,0,101,116,79,0
en-5_dec-6_plc_dred-0_3G-Poor_loss-90_rtt-1200_03-08-2026_115741,True,3G-Poor,90,1200,0.536597,4.78561,288,1912,0,0,2,0,0,6,34,3,0
en-5_dec-6_plc_dred-0_4G-Average_loss-0_rtt-50_03-08-2026_115831,True,4G-Average,0,50,4.97035,4.9943,2093,17,0,0,6,0,8,31,46,20,0
en-5_dec-6_plc_dred-0_4G-Average_loss-10_rtt-120_03-08-2026_120012,True,4G-Average,10,120,4.72993,4.96879,1857,246,0,0,0,0,0,59,51,28,0
en-5_dec-6_plc_dred-0_4G-Average_loss-15_rtt-160_03-08-2026_120103,True,4G-Average,15,160,4.61833,4.96075,1740,308,0,0,0,0,0,68,61,36,0
en-5_dec-6_plc_dred-0_4G-Average_loss-20_rtt-200_03-08-2026_120153,True,4G-Average,20,200,4.4859,4.94804,1658,398,0,0,13,0,10,86,45,39,0
en-5_dec-6_plc_dred-0_4G-Average_loss-30_rtt-300_03-08-2026_120243,True,4G-Average,30,300,3.80417,4.91836,1261,644,0,0,9,0,22,112,81,85,0
en-5_dec-6_plc_dred-0_4G-Average_loss-40_rtt-400_03-08-2026_120333,True,4G-Average,40,400,3.49042,4.88595,849,892,0,0,3,0,4,224,185,89,0
en-5_dec-6_plc_dred-0_4G-Average_loss-50_rtt-600_03-08-2026_120423,True,4G-Average,50,600,2.8716,4.86974,541,1017,0,0,0,0,0,211,222,208,0
en-5_dec-6_plc_dred-0_4G-Average_loss-5_rtt-80_03-08-2026_115922,True,4G-Average,5,80,4.87958,4.9814,2009,109,0,0,14,6,38,23,47,7,0
en-5_dec-6_plc_dred-0_4G-Average_loss-70_rtt-900_03-08-2026_120514,True,4G-Average,70,900,1.19229,4.83483,543,1407,0,0,0,12,0,84,90,108,0
en-5_dec-6_plc_dred-0_4G-Average_loss-90_rtt-1200_03-08-2026_120604,True,4G-Average,90,1200,0.474375,4.79009,300,1858,0,0,0,0,4,23,43,6,0
en-5_dec-6_plc_dred-0_4G-Good_loss-0_rtt-50_03-08-2026_120654,True,4G-Good,0,50,4.97778,4.99471,2128,0,0,0,9,3,6,38,41,17,0
en-5_dec-6_plc_dred-0_4G-Good_loss-10_rtt-120_03-08-2026_120833,True,4G-Good,10,120,4.75063,4.96598,1871,236,0,0,22,3,11,24,52,30,0
en-5_dec-6_plc_dred-0_4G-Good_loss-15_rtt-160_03-08-2026_185243,True,4G-Good,15,160,4.98472,4.99574,2237,0,2,0,17,0,6,0,14,0,0
en-5_dec-6_plc_dred-0_4G-Good_loss-15_rtt-160_03-08-2026_190847,True,4G-Good,15,160,4.48778,4.92857,1472,361,0,0,102,18,102,53,46,56,0
en-5_dec-6_plc_dred-0_4G-Good_loss-20_rtt-200_03-08-2026_121013,True,4G-Good,20,200,4.47007,4.93798,1550,397,0,0,46,9,54,77,61,23,0
en-5_dec-6_plc_dred-0_4G-Good_loss-30_rtt-300_03-08-2026_121103,True,4G-Good,30,300,3.96042,4.91506,1211,635,0,0,19,7,50,149,57,103,0
en-5_dec-6_plc_dred-0_4G-Good_loss-40_rtt-400_03-08-2026_121153,True,4G-Good,40,400,3.62444,4.8939,1011,795,1,0,17,17,21,166,131,95,0
en-5_dec-6_plc_dred-0_4G-Good_loss-50_rtt-600_03-08-2026_121243,True,4G-Good,50,600,3.2359,4.8713,751,998,0,0,14,12,11,178,165,113,0
en-5_dec-6_plc_dred-0_4G-Good_loss-5_rtt-80_03-08-2026_120743,True,4G-Good,5,80,4.83014,4.9772,1954,120,0,0,33,0,22,17,42,18,0
en-5_dec-6_plc_dred-0_4G-Good_loss-70_rtt-900_03-08-2026_121333,True,4G-Good,70,900,1.09194,4.83029,500,1459,1,0,2,0,0,100,93,88,0
en-5_dec-6_plc_dred-0_4G-Good_loss-90_rtt-1200_03-08-2026_121423,True,4G-Good,90,1200,0.558333,4.79347,338,1838,0,0,0,0,0,11,57,0,0
en-5_dec-6_plc_dred-0_4G-Poor_loss-0_rtt-50_03-08-2026_121513,True,4G-Poor,0,50,4.8425,4.97833,1934,94,0,0,31,2,30,58,56,38,0
en-5_dec-6_plc_dred-0_4G-Poor_loss-10_rtt-120_03-08-2026_121653,True,4G-Poor,10,120,4.56486,4.95526,1736,276,0,0,31,8,12,94,50,37,0
en-5_dec-6_plc_dred-0_4G-Poor_loss-15_rtt-160_03-08-2026_121743,True,4G-Poor,15,160,4.61121,4.95027,1540,335,0,0,17,0,8,57,37,13,0
en-5_dec-6_plc_dred-0_4G-Poor_loss-20_rtt-200_03-08-2026_121832,True,4G-Poor,20,200,4.42167,4.93881,1486,471,0,0,11,0,34,105,82,64,0
en-5_dec-6_plc_dred-0_4G-Poor_loss-30_rtt-300_03-08-2026_121922,True,4G-Poor,30,300,3.92146,4.91043,1216,674,0,0,10,14,4,155,100,71,0
en-5_dec-6_plc_dred-0_4G-Poor_loss-40_rtt-400_03-08-2026_122012,True,4G-Poor,40,400,3.26757,4.88275,825,894,0,0,10,11,9,185,177,118,0
en-5_dec-6_plc_dred-0_4G-Poor_loss-50_rtt-600_03-08-2026_122102,True,4G-Poor,50,600,2.8016,4.86564,612,1078,0,0,0,0,0,220,184,144,0
en-5_dec-6_plc_dred-0_4G-Poor_loss-5_rtt-80_03-08-2026_121603,True,4G-Poor,5,80,4.71618,4.96884,1834,191,0,0,13,9,36,84,55,21,0
en-5_dec-6_plc_dred-0_4G-Poor_loss-70_rtt-900_03-08-2026_122152,True,4G-Poor,70,900,0.888472,4.82162,476,1560,0,0,2,0,0,73,61,78,0
en-5_dec-6_plc_dred-0_4G-Poor_loss-90_rtt-1200_03-08-2026_122242,True,4G-Poor,90,1200,0.475417,4.78708,308,1899,0,0,0,0,0,3,25,2,0
en-5_dec-6_plc_dred-0_5G-Average_loss-0_rtt-50_03-08-2026_190937,True,5G-Average,0,50,4.97236,4.99246,2119,6,4,0,24,0,32,9,30,16,0
en-5_dec-6_plc_dred-0_5G-Average_loss-0_rtt-50_03-08-2026_192532,True,5G-Average,0,50,4.97587,4.99322,2098,2,0,0,24,0,22,13,20,5,0
en-5_dec-6_plc_dred-0_5G-Average_loss-10_rtt-120_03-08-2026_192623,True,5G-Average,10,120,4.6484,4.949,1690,228,0,0,96,7,99,23,33,29,0
en-5_dec-6_plc_dred-0_5G-Average_loss-15_rtt-160_03-08-2026_125206,True,5G-Average,15,160,4.625,4.95085,1742,292,1,0,53,3,26,67,46,13,0
en-5_dec-6_plc_dred-0_5G-Average_loss-20_rtt-200_03-08-2026_192714,True,5G-Average,20,200,4.33451,4.92823,1495,458,0,0,66,11,82,44,40,25,0
en-5_dec-6_plc_dred-0_5G-Average_loss-30_rtt-300_03-08-2026_125340,True,5G-Average,30,300,4.13583,4.91576,1254,626,0,0,24,0,6,134,99,75,0
en-5_dec-6_plc_dred-0_5G-Average_loss-40_rtt-400_03-08-2026_125430,True,5G-Average,40,400,3.49396,4.89251,1043,814,0,0,14,19,12,103,145,60,0
en-5_dec-6_plc_dred-0_5G-Average_loss-50_rtt-600_03-08-2026_125520,True,5G-Average,50,600,2.85167,4.86247,653,1029,0,0,28,11,20,226,158,109,0
en-5_dec-6_plc_dred-0_5G-Average_loss-5_rtt-80_03-08-2026_125029,True,5G-Average,5,80,4.87931,4.98053,1947,120,0,0,17,0,14,21,52,48,0
en-5_dec-6_plc_dred-0_5G-Average_loss-70_rtt-900_03-08-2026_125610,True,5G-Average,70,900,1.0641,4.82629,469,1465,0,0,2,3,8,102,92,67,0
en-5_dec-6_plc_dred-0_5G-Average_loss-90_rtt-1200_03-08-2026_125700,True,5G-Average,90,1200,0.550417,4.78837,289,1869,0,0,2,6,10,14,28,22,0
en-5_dec-6_plc_dred-0_5G-Good_loss-0_rtt-50_03-08-2026_125750,True,5G-Good,0,50,4.98493,4.99691,2140,4,0,0,3,0,0,28,31,8,0
en-5_dec-6_plc_dred-0_5G-Good_loss-10_rtt-120_03-08-2026_125930,True,5G-Good,10,120,4.79472,4.96907,1869,186,0,0,14,15,22,51,53,13,0
en-5_dec-6_plc_dred-0_5G-Good_loss-15_rtt-160_03-08-2026_130021,True,5G-Good,15,160,4.60486,4.95049,1678,350,0,0,28,0,8,67,50,55,0
en-5_dec-6_plc_dred-0_5G-Good_loss-20_rtt-200_03-08-2026_130112,True,5G-Good,20,200,4.30389,4.93325,1511,466,1,0,32,7,14,92,60,41,0
en-5_dec-6_plc_dred-0_5G-Good_loss-30_rtt-300_03-08-2026_130203,True,5G-Good,30,300,4.05319,4.9113,1253,616,3,0,50,6,45,120,63,75,0
en-5_dec-6_plc_dred-0_5G-Good_loss-40_rtt-400_03-08-2026_130254,True,5G-Good,40,400,3.69174,4.89469,935,747,0,0,19,19,20,237,131,133,0
en-5_dec-6_plc_dred-0_5G-Good_loss-50_rtt-600_03-08-2026_130344,True,5G-Good,50,600,3.17945,4.87179,721,1000,0,0,6,14,4,194,184,128,0
en-5_dec-6_plc_dred-0_5G-Good_loss-5_rtt-80_03-08-2026_125840,True,5G-Good,5,80,4.91389,4.9839,2032,93,0,0,20,0,12,5,45,29,0
en-5_dec-6_plc_dred-0_5G-Good_loss-70_rtt-900_03-08-2026_130435,True,5G-Good,70,900,1.00861,4.8319,527,1450,0,0,0,0,0,98,105,66,0
en-5_dec-6_plc_dred-0_5G-Good_loss-90_rtt-1200_03-08-2026_130525,True,5G-Good,90,1200,0.606736,4.7894,304,1879,0,0,2,0,8,12,34,10,0
en-5_dec-6_plc_dred-0_5G-Poor_loss-0_rtt-50_03-08-2026_130615,True,5G-Poor,0,50,4.91,4.98601,2044,88,0,0,9,0,4,24,50,25,0
en-5_dec-6_plc_dred-0_5G-Poor_loss-10_rtt-120_03-08-2026_130755,True,5G-Poor,10,120,4.75528,4.96981,1844,221,0,0,8,0,0,58,48,55,0
en-5_dec-6_plc_dred-0_5G-Poor_loss-15_rtt-160_03-08-2026_130845,True,5G-Poor,15,160,4.54028,4.94932,1635,400,0,0,5,0,16,68,60,32,0
en-5_dec-6_plc_dred-0_5G-Poor_loss-20_rtt-200_03-08-2026_130935,True,5G-Poor,20,200,4.30972,4.93829,1526,463,0,0,23,0,48,82,69,40,0
en-5_dec-6_plc_dred-0_5G-Poor_loss-30_rtt-300_03-08-2026_131025,True,5G-Poor,30,300,3.89556,4.91106,1235,658,0,0,29,7,4,119,107,87,0
en-5_dec-6_plc_dred-0_5G-Poor_loss-40_rtt-400_03-08-2026_131115,True,5G-Poor,40,400,3.28771,4.89102,971,869,0,0,0,2,0,170,138,72,0
en-5_dec-6_plc_dred-0_5G-Poor_loss-50_rtt-600_03-08-2026_131205,True,5G-Poor,50,600,3.10375,4.87366,761,1004,0,0,7,3,2,196,153,116,0
en-5_dec-6_plc_dred-0_5G-Poor_loss-5_rtt-80_03-08-2026_130705,True,5G-Poor,5,80,4.81528,4.97543,1956,176,0,0,5,6,4,32,53,21,0
en-5_dec-6_plc_dred-0_5G-Poor_loss-70_rtt-900_03-08-2026_192805,True,5G-Poor,70,900,0.778611,4.8225,472,1512,0,0,12,0,6,93,93,54,0
en-5_dec-6_plc_dred-0_5G-Poor_loss-90_rtt-1200_03-08-2026_131342,True,5G-Poor,90,1200,0.416667,4.78245,241,1922,0,0,0,0,0,13,32,14,0
en-5_dec-6_plc_dred-0_Cable_loss-0_rtt-50_03-08-2026_131433,True,Cable,0,50,4.98569,4.99639,2131,7,0,0,5,0,6,22,31,12,0
en-5_dec-6_plc_dred-0_Cable_loss-10_rtt-120_03-08-2026_131613,True,Cable,10,120,4.74653,4.96655,1865,235,0,0,20,0,2,30,48,17,0
en-5_dec-6_plc_dred-0_Cable_loss-15_rtt-160_03-08-2026_131703,True,Cable,15,160,4.68972,4.96146,1784,281,0,0,21,0,71,35,53,10,0
en-5_dec-6_plc_dred-0_Cable_loss-20_rtt-200_03-08-2026_131753,True,Cable,20,200,4.45319,4.93925,1588,437,0,0,33,4,52,59,56,17,0
en-5_dec-6_plc_dred-0_Cable_loss-30_rtt-300_03-08-2026_131843,True,Cable,30,300,4.05167,4.91548,1317,628,0,0,16,14,12,111,74,38,0
en-5_dec-6_plc_dred-0_Cable_loss-40_rtt-400_03-08-2026_131933,True,Cable,40,400,3.67764,4.893,1063,781,0,0,25,27,20,132,124,77,0
en-5_dec-6_plc_dred-0_Cable_loss-50_rtt-600_03-08-2026_132023,True,Cable,50,600,4.99764,4.99822,2205,6,0,0,3,0,8,0,20,0,0
en-5_dec-6_plc_dred-0_Cable_loss-5_rtt-80_03-08-2026_131523,True,Cable,5,80,4.89757,4.98467,2025,73,0,0,19,3,24,27,44,12,0
en-5_dec-6_plc_dred-0_Cable_loss-70_rtt-900_03-08-2026_192857,True,Cable,70,900,1.02819,4.83326,545,1439,0,0,2,2,6,75,85,86,0
en-5_dec-6_plc_dred-0_Cable_loss-90_rtt-1200_03-08-2026_192948,True,Cable,90,1200,0.416667,4.79045,320,1841,0,0,12,0,0,7,49,11,0
en-5_dec-6_plc_dred-0_DSL_loss-0_rtt-50_03-08-2026_193039,True,DSL,0,50,4.98187,4.99473,2166,4,0,0,17,0,10,12,21,0,0
en-5_dec-6_plc_dred-0_DSL_loss-10_rtt-120_03-08-2026_193130,True,DSL,10,120,4.69021,4.95248,1729,222,0,0,82,8,93,30,36,16,0
en-5_dec-6_plc_dred-0_DSL_loss-15_rtt-160_03-08-2026_134249,True,DSL,15,160,4.52264,4.94679,1564,313,0,0,46,3,30,129,43,86,0
en-5_dec-6_plc_dred-0_DSL_loss-20_rtt-200_03-08-2026_134339,True,DSL,20,200,4.54347,4.94598,1621,386,0,0,20,5,5,88,50,52,0
en-5_dec-6_plc_dred-0_DSL_loss-30_rtt-300_03-08-2026_134430,True,DSL,30,300,4.04139,4.91892,1297,598,0,0,23,6,48,153,61,63,0
en-5_dec-6_plc_dred-0_DSL_loss-40_rtt-400_03-08-2026_134520,True,DSL,40,400,3.70014,4.89661,1114,781,0,0,19,16,16,141,95,58,0
en-5_dec-6_plc_dred-0_DSL_loss-50_rtt-600_03-08-2026_134610,True,DSL,50,600,3.10806,4.8679,698,974,0,0,26,19,28,217,159,117,0
en-5_dec-6_plc_dred-0_DSL_loss-5_rtt-80_03-08-2026_134109,True,DSL,5,80,4.86528,4.98012,1989,110,0,0,24,0,24,32,36,23,0
en-5_dec-6_plc_dred-0_DSL_loss-70_rtt-900_03-08-2026_134659,True,DSL,70,900,0.905139,4.8267,468,1481,0,0,0,0,0,91,97,80,0
en-5_dec-6_plc_dred-0_DSL_loss-90_rtt-1200_03-08-2026_134749,True,DSL,90,1200,0.530833,4.78764,294,1899,0,0,0,0,0,7,30,16,0
en-5_dec-6_plc_dred-0_Edge-Average_loss-0_rtt-50_03-08-2026_134839,True,Edge-Average,0,50,4.54792,4.95472,1644,44,0,0,122,19,123,163,77,53,0
en-5_dec-6_plc_dred-0_Edge-Average_loss-10_rtt-120_03-08-2026_135019,True,Edge-Average,10,120,4.31847,4.94056,1407,235,0,0,93,14,147,160,98,86,0
en-5_dec-6_plc_dred-0_Edge-Average_loss-15_rtt-160_03-08-2026_193221,True,Edge-Average,15,160,4.16201,4.9219,1341,353,2,0,78,52,88,144,103,58,0
en-5_dec-6_plc_dred-0_Edge-Average_loss-20_rtt-200_03-08-2026_135158,True,Edge-Average,20,200,4.07681,4.91163,1256,438,0,0,70,55,38,180,129,57,0
en-5_dec-6_plc_dred-0_Edge-Average_loss-30_rtt-300_03-08-2026_135250,True,Edge-Average,30,300,3.86257,4.89343,1003,657,0,0,64,30,38,171,203,72,0
en-5_dec-6_plc_dred-0_Edge-Average_loss-40_rtt-400_03-08-2026_135341,True,Edge-Average,40,400,3.48424,4.88407,819,802,0,0,24,21,2,257,208,102,0
en-5_dec-6_plc_dred-0_Edge-Average_loss-50_rtt-600_03-08-2026_135431,True,Edge-Average,50,600,2.77403,4.87201,758,1040,1,0,0,0,0,193,148,102,0
en-5_dec-6_plc_dred-0_Edge-Average_loss-5_rtt-80_03-08-2026_134929,True,Edge-Average,5,80,4.20674,4.92212,1271,142,0,0,208,16,206,214,75,85,0
en-5_dec-6_plc_dred-0_Edge-Average_loss-70_rtt-900_03-08-2026_135521,True,Edge-Average,70,900,0.915208,4.82571,467,1503,0,0,0,0,0,103,94,75,0
en-5_dec-6_plc_dred-0_Edge-Average_loss-90_rtt-1200_03-08-2026_135611,True,Edge-Average,90,1200,0.416667,4.78643,273,1880,0,0,0,0,0,10,37,14,0
en-5_dec-6_plc_dred-0_Edge-Good_loss-0_rtt-50_03-08-2026_135701,True,Edge-Good,0,50,4.55299,4.96276,1681,39,0,0,107,8,122,117,72,71,0
en-5_dec-6_plc_dred-0_Edge-Good_loss-10_rtt-120_03-08-2026_135838,True,Edge-Good,10,120,4.38646,4.94529,1547,237,0,0,76,8,30,168,92,84,0
en-5_dec-6_plc_dred-0_Edge-Good_loss-15_rtt-160_03-08-2026_135926,True,Edge-Good,15,160,4.23021,4.92259,1312,350,0,0,115,17,136,150,98,62,0
en-5_dec-6_plc_dred-0_Edge-Good_loss-20_rtt-200_03-08-2026_140014,True,Edge-Good,20,200,4.05979,4.91888,1254,398,0,0,114,2,90,175,97,87,0
en-5_dec-6_plc_dred-0_Edge-Good_loss-30_rtt-300_03-08-2026_140105,True,Edge-Good,30,300,3.89583,4.90159,1000,617,0,0,55,23,82,205,130,126,0
en-5_dec-6_plc_dred-0_Edge-Good_loss-40_rtt-400_03-08-2026_140153,True,Edge-Good,40,400,3.42701,4.87745,714,836,0,0,58,0,32,297,80,200,0
en-5_dec-6_plc_dred-0_Edge-Good_loss-50_rtt-600_03-08-2026_140243,True,Edge-Good,50,600,3.05819,4.87062,750,965,0,0,26,18,14,206,163,115,0
en-5_dec-6_plc_dred-0_Edge-Good_loss-5_rtt-80_03-08-2026_135751,True,Edge-Good,5,80,4.45562,4.94692,1620,120,0,0,135,12,124,112,87,33,0
en-5_dec-6_plc_dred-0_Edge-Good_loss-70_rtt-900_03-08-2026_140331,True,Edge-Good,70,900,0.890208,4.83016,549,1437,0,0,15,11,6,49,117,71,0
en-5_dec-6_plc_dred-0_Edge-Good_loss-90_rtt-1200_03-08-2026_140419,True,Edge-Good,90,1200,0.475,4.79147,340,1811,0,0,16,7,4,12,25,23,0
en-5_dec-6_plc_dred-0_Edge-Lossy_loss-0_rtt-50_03-08-2026_140507,True,Edge-Lossy,0,50,4.42826,4.95146,1593,65,0,0,132,15,133,141,85,63,0
en-5_dec-6_plc_dred-0_Edge-Lossy_loss-10_rtt-120_03-08-2026_140644,True,Edge-Lossy,10,120,4.29063,4.92761,1354,260,0,0,138,14,144,160,106,66,0
en-5_dec-6_plc_dred-0_Edge-Lossy_loss-15_rtt-160_03-08-2026_140732,True,Edge-Lossy,15,160,4.32375,4.92128,1315,332,0,0,101,41,100,156,141,58,0
en-5_dec-6_plc_dred-0_Edge-Lossy_loss-20_rtt-200_03-08-2026_140821,True,Edge-Lossy,20,200,4.085,4.91372,1190,448,0,0,81,27,63,204,127,94,0
en-5_dec-6_plc_dred-0_Edge-Lossy_loss-30_rtt-300_03-08-2026_140909,True,Edge-Lossy,30,300,3.94472,4.89673,996,617,0,0,77,23,74,186,188,88,0
en-5_dec-6_plc_dred-0_Edge-Lossy_loss-40_rtt-400_03-08-2026_140958,True,Edge-Lossy,40,400,3.35181,4.8779,784,813,0,0,48,25,32,228,163,124,0
en-5_dec-6_plc_dred-0_Edge-Lossy_loss-50_rtt-600_03-08-2026_141045,True,Edge-Lossy,50,600,3.02688,4.86609,700,995,0,0,23,18,17,225,159,101,0
en-5_dec-6_plc_dred-0_Edge-Lossy_loss-5_rtt-80_03-08-2026_140555,True,Edge-Lossy,5,80,4.53472,4.94856,1407,153,0,0,87,7,122,260,93,124,0
en-5_dec-6_plc_dred-0_Edge-Lossy_loss-70_rtt-900_03-08-2026_141134,True,Edge-Lossy,70,900,1.56965,4.83669,554,1354,0,0,18,2,2,102,113,86,0
en-5_dec-6_plc_dred-0_Edge-Lossy_loss-90_rtt-1200_03-08-2026_141223,True,Edge-Lossy,90,1200,0.565139,4.79112,338,1819,0,0,17,5,4,8,27,22,0
en-5_dec-6_plc_dred-0_Wifi-Average_loss-0_rtt-50_03-08-2026_141311,True,Wifi-Average,0,50,4.96861,4.99371,2102,11,0,0,13,0,13,28,40,27,0
en-5_dec-6_plc_dred-0_Wifi-Average_loss-10_rtt-120_03-08-2026_141448,True,Wifi-Average,10,120,4.72243,4.96445,1829,214,0,0,38,0,46,52,47,26,0
en-5_dec-6_plc_dred-0_Wifi-Average_loss-15_rtt-160_03-08-2026_141535,True,Wifi-Average,15,160,4.62278,4.95253,1763,326,0,0,28,8,10,46,53,15,0
en-5_dec-6_plc_dred-0_Wifi-Average_loss-20_rtt-200_03-08-2026_141626,True,Wifi-Average,20,200,4.45646,4.93897,1596,448,0,0,26,5,22,61,51,22,0
en-5_dec-6_plc_dred-0_Wifi-Average_loss-30_rtt-300_03-08-2026_141716,True,Wifi-Average,30,300,3.97792,4.91444,1240,620,0,0,30,8,36,137,86,87,0
en-5_dec-6_plc_dred-0_Wifi-Average_loss-40_rtt-400_03-08-2026_141806,True,Wifi-Average,40,400,3.54736,4.89487,981,768,0,0,31,5,54,197,103,95,0
en-5_dec-6_plc_dred-0_Wifi-Average_loss-50_rtt-600_03-08-2026_141856,True,Wifi-Average,50,600,2.97597,4.86736,685,1004,0,0,20,9,16,239,170,103,0
en-5_dec-6_plc_dred-0_Wifi-Average_loss-5_rtt-80_03-08-2026_141359,True,Wifi-Average,5,80,4.88375,4.97934,1975,106,0,0,21,5,14,39,56,20,0
en-5_dec-6_plc_dred-0_Wifi-Average_loss-70_rtt-900_03-08-2026_141946,True,Wifi-Average,70,900,0.767708,4.82527,498,1525,0,0,0,0,0,63,91,67,0
en-5_dec-6_plc_dred-0_Wifi-Average_loss-90_rtt-1200_03-08-2026_142035,True,Wifi-Average,90,1200,0.416667,4.78318,236,1898,0,0,3,0,10,13,46,6,0
en-5_dec-6_plc_dred-0_Wifi-Good_loss-0_rtt-50_03-08-2026_142125,True,Wifi-Good,0,50,4.98604,4.99612,2146,9,0,0,5,3,10,0,49,20,0
en-5_dec-6_plc_dred-0_Wifi-Good_loss-10_rtt-120_03-08-2026_142305,True,Wifi-Good,10,120,4.77431,4.97001,1906,205,0,0,21,0,12,26,54,12,0
en-5_dec-6_plc_dred-0_Wifi-Good_loss-15_rtt-160_03-08-2026_142355,True,Wifi-Good,15,160,4.60083,4.95766,1750,314,0,0,14,0,4,55,59,23,0
en-5_dec-6_plc_dred-0_Wifi-Good_loss-20_rtt-200_03-08-2026_142445,True,Wifi-Good,20,200,4.57708,4.95258,1696,388,0,0,0,0,2,61,48,30,0
en-5_dec-6_plc_dred-0_Wifi-Good_loss-30_rtt-300_03-08-2026_142535,True,Wifi-Good,30,300,3.99542,4.91551,1236,593,0,0,24,15,30,155,56,93,0
en-5_dec-6_plc_dred-0_Wifi-Good_loss-40_rtt-400_03-08-2026_142626,True,Wifi-Good,40,400,3.56278,4.89958,1094,826,0,0,0,0,0,141,105,83,0
en-5_dec-6_plc_dred-0_Wifi-Good_loss-50_rtt-600_03-08-2026_142717,True,Wifi-Good,50,600,3.24243,4.87395,751,978,0,0,3,13,0,230,147,122,0
en-5_dec-6_plc_dred-0_Wifi-Good_loss-5_rtt-80_03-08-2026_142215,True,Wifi-Good,5,80,4.86764,4.97898,1989,113,0,0,28,0,6,26,47,37,0
en-5_dec-6_plc_dred-0_Wifi-Good_loss-70_rtt-900_03-08-2026_142807,True,Wifi-Good,70,900,1.54715,4.83783,539,1381,0,0,0,0,0,89,114,96,0
en-5_dec-6_plc_dred-0_Wifi-Good_loss-90_rtt-1200_03-08-2026_142857,True,Wifi-Good,90,1200,0.467222,4.78703,284,1893,0,0,0,0,0,12,35,12,0
en-5_dec-6_plc_dred-0_Wifi-Poor_loss-0_rtt-50_03-08-2026_142947,True,Wifi-Poor,0,50,4.98153,4.99487,2150,8,0,0,12,0,0,17,36,17,0
en-5_dec-6_plc_dred-0_Wifi-Poor_loss-10_rtt-120_03-08-2026_143127,True,Wifi-Poor,10,120,4.73194,4.96484,1840,236,0,0,26,0,2,34,49,27,0
en-5_dec-6_plc_dred-0_Wifi-Poor_loss-15_rtt-160_03-08-2026_143217,True,Wifi-Poor,15,160,4.66993,4.96097,1792,290,0,0,16,0,12,41,58,33,0
en-5_dec-6_plc_dred-0_Wifi-Poor_loss-20_rtt-200_03-08-2026_193312,True,Wifi-Poor,20,200,4.39049,4.92316,1491,394,0,0,109,22,88,52,40,32,0
en-5_dec-6_plc_dred-0_Wifi-Poor_loss-30_rtt-300_03-08-2026_193402,True,Wifi-Poor,30,300,4.09396,4.91844,1349,603,0,0,38,0,58,80,55,30,0
en-5_dec-6_plc_dred-0_Wifi-Poor_loss-40_rtt-400_03-08-2026_193453,True,Wifi-Poor,40,400,3.51264,4.89173,1046,808,1,0,27,14,0,125,113,91,0
en-5_dec-6_plc_dred-0_Wifi-Poor_loss-50_rtt-600_03-08-2026_193544,True,Wifi-Poor,50,600,3.08868,4.87378,712,969,1,0,9,14,21,190,172,143,0
en-5_dec-6_plc_dred-0_Wifi-Poor_loss-5_rtt-80_03-08-2026_143037,True,Wifi-Poor,5,80,4.90014,4.98376,2024,98,0,0,12,0,18,39,41,12,0
en-5_dec-6_plc_dred-0_Wifi-Poor_loss-70_rtt-900_03-08-2026_193635,True,Wifi-Poor,70,900,0.949445,4.82686,506,1486,0,0,9,0,12,86,75,69,0
en-5_dec-6_plc_dred-0_Wifi-Poor_loss-90_rtt-1200_03-08-2026_193726,True,Wifi-Poor,90,1200,0.416667,4.78568,281,1879,3,0,12,0,2,17,42,5,0
en-5_dec-6_normal_dred-0_Cable_loss-50_rtt-600_03-08-2026_213021,False,Cable,50,600,2.74867,4.85523,431,0,1008,380,34,15,48,152,158,106,0
en-5_dec-6_normal_dred-0_DSL_loss-90_rtt-1200_03-08-2026_213112,False,DSL,90,1200,0.416667,4.77771,125,0,1908,141,8,0,10,6,27,11,0
en-5_dec-6_normal_dred-0_Edge-Good_loss-70_rtt-900_03-08-2026_213203,False,Edge-Good,70,900,0.660765,4.80689,176,0,1506,329,14,6,12,91,66,36,0
en-5_dec-6_normal_dred-0_Wifi-Average_loss-15_rtt-160_03-08-2026_213254,False,Wifi-Average,15,160,4.53319,4.93937,1409,0,330,243,34,6,24,57,53,73,0
en-5_dec-6_normal_dred-0_Wifi-Average_loss-90_rtt-1200_03-08-2026_213345,False,Wifi-Average,90,1200,0.416667,4.77429,115,0,1924,120,12,0,8,10,17,13,0
en-5_dec-6_normal_dred-0_Wifi-Poor_loss-0_rtt-50_03-08-2026_213436,False,Wifi-Poor,0,50,4.97021,4.99261,2119,0,6,4,17,6,20,14,36,23,0
en-5_dec-6_normal_dred-0_Wifi-Poor_loss-30_rtt-300_03-08-2026_213527,False,Wifi-Poor,30,300,3.78507,4.8929,838,0,676,364,30,0,8,136,58,102,0
